id,brand,name,status,photo_1 (ГЛАВНОЕ),photo_2,photo_3,photo_4,photo_5,photo_6
p1026,Adidas,4DFWD 3,НУЖНО ФОТО,,,,,,
p328,Adidas,Adicolor Classics Trefoil Hoodie,НУЖНО ФОТО,,,,,,
p22,Adidas,Adidas Samba OG,НУЖНО ФОТО,,,,,,
p21,Adidas,Adidas Ultraboost Light,НУЖНО ФОТО,,,,,,
p1023,Adidas,Adilette 22,НУЖНО ФОТО,,,,,,
p666,Adidas,Adilette Comfort Slides,НУЖНО ФОТО,,,,,,
p1025,Adidas,Adistar,НУЖНО ФОТО,,,,,,
p325,Adidas,Adizero Adios Pro 4,НУЖНО ФОТО,,,,,,
p1027,Adidas,Adizero Boston 12,НУЖНО ФОТО,,,,,,
p1028,Adidas,Adizero Prime X 2 Strung,НУЖНО ФОТО,,,,,,
p667,Adidas,Adizero SL,НУЖНО ФОТО,,,,,,
p999,Adidas,Bad Bunny Campus,НУЖНО ФОТО,,,,,,
p318,Adidas,Campus 00s,НУЖНО ФОТО,,,,,,
p882,Adidas,Country OG,НУЖНО ФОТО,,,,,,
p668,Adidas,Duramo Speed,НУЖНО ФОТО,,,,,,
p327,Adidas,Essentials 3-Stripes Jogger,НУЖНО ФОТО,,,,,,
p326,Adidas,Firebird Track Jacket,НУЖНО ФОТО,,,,,,
p320,Adidas,Forum Low,НУЖНО ФОТО,,,,,,
p671,Adidas,Forum Mid,НУЖНО ФОТО,,,,,,
p316,Adidas,Gazelle,НУЖНО ФОТО,,,,,,
p317,Adidas,Gazelle Bold,НУЖНО ФОТО,,,,,,
p877,Adidas,Gazelle Cream White,НУЖНО ФОТО,,,,,,
p878,Adidas,Gazelle Dark Brown,НУЖНО ФОТО,,,,,,
p876,Adidas,Gazelle Grey/Gum,НУЖНО ФОТО,,,,,,
p1106,Adidas,Gazelle Indoor,НУЖНО ФОТО,,,,,,
p879,Adidas,Gazelle Shadow Navy,НУЖНО ФОТО,,,,,,
p664,Adidas,Handball Spezial,НУЖНО ФОТО,,,,,,
p321,Adidas,NMD R1,НУЖНО ФОТО,,,,,,
p1084,Adidas,NMD S1,НУЖНО ФОТО,,,,,,
p672,Adidas,Ozweego,НУЖНО ФОТО,,,,,,
p669,Adidas,Racer TR23,НУЖНО ФОТО,,,,,,
p1024,Adidas,Response CL,НУЖНО ФОТО,,,,,,
p1000,Adidas,Rivalry Low,НУЖНО ФОТО,,,,,,
p315,Adidas,Samba ADV,НУЖНО ФОТО,,,,,,
p314,Adidas,Samba OG,НУЖНО ФОТО,,,,,,
p873,Adidas,Samba OG Cloud White,НУЖНО ФОТО,,,,,,
p874,Adidas,Samba OG Collegiate Green,НУЖНО ФОТО,,,,,,
p872,Adidas,Samba OG Core Black,НУЖНО ФОТО,,,,,,
p875,Adidas,Samba OG Wonder Clay,НУЖНО ФОТО,,,,,,
p665,Adidas,SL 72 OG,НУЖНО ФОТО,,,,,,
p880,Adidas,Spezial Blue,НУЖНО ФОТО,,,,,,
p319,Adidas,Stan Smith,НУЖНО ФОТО,,,,,,
p1083,Adidas,Stan Smith Luxe,НУЖНО ФОТО,,,,,,
p663,Adidas,Superstar,НУЖНО ФОТО,,,,,,
p881,Adidas,Taekwondo,НУЖНО ФОТО,,,,,,
p324,Adidas,Terrex AX4 GTX,НУЖНО ФОТО,,,,,,
p323,Adidas,Terrex Free Hiker 2,НУЖНО ФОТО,,,,,,
p673,Adidas,Ultraboost 1.0 DNA,НУЖНО ФОТО,,,,,,
p313,Adidas,Ultraboost 5X,НУЖНО ФОТО,,,,,,
p312,Adidas,Ultraboost Light,НУЖНО ФОТО,,,,,,
p322,Adidas,Yeezy 350 V2,НУЖНО ФОТО,,,,,,
p998,Adidas,Yeezy 500 Utility Black,НУЖНО ФОТО,,,,,,
p997,Adidas,Yeezy Slide Bone,НУЖНО ФОТО,,,,,,
p996,Adidas,Yeezy Slide Onyx,НУЖНО ФОТО,,,,,,
p670,Adidas,ZX 1K Boost 2.0,НУЖНО ФОТО,,,,,,
p1030,Apple,20W USB-C Power Adapter,OK,https://store.storeimages.cdn-apple.com/4982/as-images.apple.com/is/MQKJ3?wid=400&hei=400&fmt=jpeg&qlt=90,,,,,
p124,Apple,AirPods 4,OK,https://store.storeimages.cdn-apple.com/4982/as-images.apple.com/is/airpods-4-hero-select-202409?wid=400&hei=400&fmt=jpeg&qlt=90,,,,,
p125,Apple,AirPods 4 ANC,OK,https://store.storeimages.cdn-apple.com/4982/as-images.apple.com/is/airpods-4-hero-select-202409?wid=400&hei=400&fmt=jpeg&qlt=90,,,,,
p126,Apple,AirPods Max 2,OK,https://store.storeimages.cdn-apple.com/4982/as-images.apple.com/is/airpods-max-select-202409-midnight?wid=400&hei=400&fmt=jpeg&qlt=90,,,,,
p805,Apple,AirPods Max Midnight,OK,https://store.storeimages.cdn-apple.com/4982/as-images.apple.com/is/airpods-max-select-202409-midnight?wid=400&hei=400&fmt=jpeg&qlt=90,,,,,
p804,Apple,AirPods Max Silver,OK,https://store.storeimages.cdn-apple.com/4982/as-images.apple.com/is/airpods-max-select-202409-midnight?wid=400&hei=400&fmt=jpeg&qlt=90,,,,,
p12,Apple,AirPods Pro 2,OK,https://store.storeimages.cdn-apple.com/4982/as-images.apple.com/is/airpods-pro-2-hero-select-202409?wid=400&hei=400&fmt=jpeg&qlt=90,,,,,
p123,Apple,AirPods Pro 2,OK,https://store.storeimages.cdn-apple.com/4982/as-images.apple.com/is/airpods-pro-2-hero-select-202409?wid=400&hei=400&fmt=jpeg&qlt=90,,,,,
p130,Apple,AirTag 4-Pack,OK,https://store.storeimages.cdn-apple.com/4982/as-images.apple.com/is/airtag-4pack-select-202104?wid=400&hei=400&fmt=jpeg&qlt=90,,,,,
p131,Apple,Apple Pencil Pro,OK,https://store.storeimages.cdn-apple.com/4982/as-images.apple.com/is/MX2D3?wid=400&hei=400&fmt=jpeg&qlt=90,,,,,
p1092,Apple,Apple Pencil USB-C,OK,https://store.storeimages.cdn-apple.com/4982/as-images.apple.com/is/MX2D3?wid=400&hei=400&fmt=jpeg&qlt=90,,,,,
p127,Apple,Apple TV 4K,OK,https://store.storeimages.cdn-apple.com/4982/as-images.apple.com/is/apple-tv-4k-hero-select-202210?wid=400&hei=400&fmt=jpeg&qlt=90,,,,,
p122,Apple,Apple Watch SE 3,OK,https://store.storeimages.cdn-apple.com/4982/as-images.apple.com/is/MQDY3ref_VW_34FR?wid=400&hei=400&fmt=jpeg&qlt=90,,,,,
p121,Apple,Apple Watch Series 10,OK,https://store.storeimages.cdn-apple.com/4982/as-images.apple.com/is/MQDY3ref_VW_34FR?wid=400&hei=400&fmt=jpeg&qlt=90,,,,,
p3,Apple,Apple Watch Ultra 2,OK,https://store.storeimages.cdn-apple.com/4982/as-images.apple.com/is/MQDY3ref_VW_34FR?wid=400&hei=400&fmt=jpeg&qlt=90,,,,,
p120,Apple,Apple Watch Ultra 2,OK,https://store.storeimages.cdn-apple.com/4982/as-images.apple.com/is/MQDY3ref_VW_34FR?wid=400&hei=400&fmt=jpeg&qlt=90,,,,,
p807,Apple,Apple Watch Ultra 2 Blue,OK,https://store.storeimages.cdn-apple.com/4982/as-images.apple.com/is/MQDY3ref_VW_34FR?wid=400&hei=400&fmt=jpeg&qlt=90,,,,,
p806,Apple,Apple Watch Ultra 2 Orange,OK,https://store.storeimages.cdn-apple.com/4982/as-images.apple.com/is/MQDY3ref_VW_34FR?wid=400&hei=400&fmt=jpeg&qlt=90,,,,,
p1033,Apple,Clear Case iPhone 16,OK,https://store.storeimages.cdn-apple.com/4982/as-images.apple.com/is/iphone-16-finish-select-202409-6-1inch-ultramarine?wid=400&hei=400&fmt=jpeg&qlt=90,,,,,
p128,Apple,HomePod 2,OK,https://store.storeimages.cdn-apple.com/4982/as-images.apple.com/is/MQDT3?wid=400&hei=400&fmt=jpeg&qlt=90,,,,,
p129,Apple,HomePod Mini,OK,https://store.storeimages.cdn-apple.com/4982/as-images.apple.com/is/homepod-mini-select-orange-202110?wid=400&hei=400&fmt=jpeg&qlt=90,,,,,
p597,Apple,"iMac 24"" M4",НУЖНО ФОТО,,,,,,
p113,Apple,iPad 10,OK,https://store.storeimages.cdn-apple.com/4982/as-images.apple.com/is/ipad-mini-select-wifi-blue-202410?wid=400&hei=400&fmt=jpeg&qlt=90,,,,,
p803,Apple,iPad 10 64GB Pink,OK,https://store.storeimages.cdn-apple.com/4982/as-images.apple.com/is/ipad-mini-select-wifi-blue-202410?wid=400&hei=400&fmt=jpeg&qlt=90,,,,,
p111,Apple,"iPad Air M3 11""",НУЖНО ФОТО,,,,,,
p110,Apple,"iPad Air M3 13""",НУЖНО ФОТО,,,,,,
p112,Apple,iPad Mini 7,OK,https://store.storeimages.cdn-apple.com/4982/as-images.apple.com/is/ipad-mini-select-wifi-blue-202410?wid=400&hei=400&fmt=jpeg&qlt=90,,,,,
p109,Apple,"iPad Pro M4 11""",НУЖНО ФОТО,,,,,,
p17,Apple,"iPad Pro M4 13""",OK,https://store.storeimages.cdn-apple.com/4982/as-images.apple.com/is/ipad-pro-model-select-gallery-1-202405?wid=400&hei=400&fmt=jpeg&qlt=90,,,,,
p108,Apple,"iPad Pro M4 13""",НУЖНО ФОТО,,,,,,
p105,Apple,iPhone 15,OK,https://store.storeimages.cdn-apple.com/4982/as-images.apple.com/is/iphone-15-finish-select-202309-6-1inch-black?wid=400&hei=400&fmt=jpeg&qlt=90,,,,,
p106,Apple,iPhone 15 Pro,OK,https://store.storeimages.cdn-apple.com/4982/as-images.apple.com/is/iphone-15-pro-finish-select-202309-6-1inch-naturaltitanium?wid=400&hei=400&fmt=jpeg&qlt=90,,,,,
p103,Apple,iPhone 16,OK,https://store.storeimages.cdn-apple.com/4982/as-images.apple.com/is/iphone-16-finish-select-202409-6-1inch-ultramarine?wid=400&hei=400&fmt=jpeg&qlt=90,,,,,
p801,Apple,iPhone 16 128GB Blue,OK,https://store.storeimages.cdn-apple.com/4982/as-images.apple.com/is/iphone-16-finish-select-202409-6-1inch-ultramarine?wid=400&hei=400&fmt=jpeg&qlt=90,,,,,
p802,Apple,iPhone 16 256GB Pink,OK,https://store.storeimages.cdn-apple.com/4982/as-images.apple.com/is/iphone-16-finish-select-202409-6-1inch-ultramarine?wid=400&hei=400&fmt=jpeg&qlt=90,,,,,
p104,Apple,iPhone 16 Plus,OK,https://store.storeimages.cdn-apple.com/4982/as-images.apple.com/is/iphone-16-finish-select-202409-6-7inch-ultramarine?wid=400&hei=400&fmt=jpeg&qlt=90,,,,,
p102,Apple,iPhone 16 Pro,OK,https://store.storeimages.cdn-apple.com/4982/as-images.apple.com/is/iphone-16-pro-finish-select-202409-6-3inch-deserttitanium?wid=400&hei=400&fmt=jpeg&qlt=90,,,,,
p1,Apple,iPhone 16 Pro Max,OK,https://store.storeimages.cdn-apple.com/4982/as-images.apple.com/is/iphone-16-pro-finish-select-202409-6-9inch-deserttitanium?wid=400&hei=400&fmt=jpeg&qlt=90,,,,,
p101,Apple,iPhone 16 Pro Max,OK,https://store.storeimages.cdn-apple.com/4982/as-images.apple.com/is/iphone-16-pro-finish-select-202409-6-9inch-deserttitanium?wid=400&hei=400&fmt=jpeg&qlt=90,,,,,
p800,Apple,iPhone 16 Pro Max 1TB,OK,https://store.storeimages.cdn-apple.com/4982/as-images.apple.com/is/iphone-16-pro-finish-select-202409-6-9inch-deserttitanium?wid=400&hei=400&fmt=jpeg&qlt=90,,,,,
p799,Apple,iPhone 16 Pro Max 512GB,OK,https://store.storeimages.cdn-apple.com/4982/as-images.apple.com/is/iphone-16-pro-finish-select-202409-6-9inch-deserttitanium?wid=400&hei=400&fmt=jpeg&qlt=90,,,,,
p107,Apple,iPhone SE 4,OK,https://store.storeimages.cdn-apple.com/4982/as-images.apple.com/is/iphone-16-finish-select-202409-6-1inch-ultramarine?wid=400&hei=400&fmt=jpeg&qlt=90,,,,,
p1032,Apple,Leather Case iPhone 16 Pro,OK,https://store.storeimages.cdn-apple.com/4982/as-images.apple.com/is/iphone-16-pro-finish-select-202409-6-3inch-deserttitanium?wid=400&hei=400&fmt=jpeg&qlt=90,,,,,
p593,Apple,Mac Mini M4,OK,https://store.storeimages.cdn-apple.com/4982/as-images.apple.com/is/mac-studio-select-202306?wid=400&hei=400&fmt=jpeg&qlt=90,,,,,
p594,Apple,Mac Mini M4 Pro,OK,https://store.storeimages.cdn-apple.com/4982/as-images.apple.com/is/mac-studio-select-202306?wid=400&hei=400&fmt=jpeg&qlt=90,,,,,
p596,Apple,Mac Pro M2 Ultra,OK,https://store.storeimages.cdn-apple.com/4982/as-images.apple.com/is/mac-studio-select-202306?wid=400&hei=400&fmt=jpeg&qlt=90,,,,,
p595,Apple,Mac Studio M4 Max,OK,https://store.storeimages.cdn-apple.com/4982/as-images.apple.com/is/mac-studio-select-202306?wid=400&hei=400&fmt=jpeg&qlt=90,,,,,
p118,Apple,"MacBook Air M3 13""",НУЖНО ФОТО,,,,,,
p119,Apple,"MacBook Air M3 15""",НУЖНО ФОТО,,,,,,
p5,Apple,"MacBook Pro M3 14""",OK,https://store.storeimages.cdn-apple.com/4982/as-images.apple.com/is/mbp14-spacegray-select-202310?wid=400&hei=400&fmt=jpeg&qlt=90,,,,,
p114,Apple,"MacBook Pro M3 14""",НУЖНО ФОТО,,,,,,
p115,Apple,"MacBook Pro M3 16""",НУЖНО ФОТО,,,,,,
p116,Apple,"MacBook Pro M4 14""",НУЖНО ФОТО,,,,,,
p117,Apple,"MacBook Pro M4 Pro 14""",НУЖНО ФОТО,,,,,,
p132,Apple,Magic Keyboard iPad Pro,OK,https://store.storeimages.cdn-apple.com/4982/as-images.apple.com/is/MK2C3?wid=400&hei=400&fmt=jpeg&qlt=90,,,,,
p603,Apple,Magic Keyboard Touch ID,OK,https://store.storeimages.cdn-apple.com/4982/as-images.apple.com/is/MK2C3?wid=400&hei=400&fmt=jpeg&qlt=90,,,,,
p602,Apple,Magic Mouse,OK,https://store.storeimages.cdn-apple.com/4982/as-images.apple.com/is/MK2C3?wid=400&hei=400&fmt=jpeg&qlt=90,,,,,
p604,Apple,Magic Trackpad,OK,https://store.storeimages.cdn-apple.com/4982/as-images.apple.com/is/MK2C3?wid=400&hei=400&fmt=jpeg&qlt=90,,,,,
p601,Apple,MagSafe Battery Pack,OK,https://store.storeimages.cdn-apple.com/4982/as-images.apple.com/is/MHXH3?wid=400&hei=400&fmt=jpeg&qlt=90,,,,,
p600,Apple,MagSafe Charger,OK,https://store.storeimages.cdn-apple.com/4982/as-images.apple.com/is/MHXH3?wid=400&hei=400&fmt=jpeg&qlt=90,,,,,
p1031,Apple,MagSafe Duo Charger,OK,https://store.storeimages.cdn-apple.com/4982/as-images.apple.com/is/MHXH3?wid=400&hei=400&fmt=jpeg&qlt=90,,,,,
p599,Apple,Pro Display XDR,OK,https://store.storeimages.cdn-apple.com/4982/as-images.apple.com/is/studio-display-gallery-1-202203?wid=400&hei=400&fmt=jpeg&qlt=90,,,,,
p1034,Apple,"Smart Folio iPad Pro 13""",НУЖНО ФОТО,,,,,,
p598,Apple,Studio Display,OK,https://store.storeimages.cdn-apple.com/4982/as-images.apple.com/is/studio-display-gallery-1-202203?wid=400&hei=400&fmt=jpeg&qlt=90,,,,,
p1029,Apple,USB-C to Lightning Cable,OK,https://store.storeimages.cdn-apple.com/4982/as-images.apple.com/is/MQKJ3?wid=400&hei=400&fmt=jpeg&qlt=90,,,,,
p1093,Apple,Vision Pro,OK,https://store.storeimages.cdn-apple.com/4982/as-images.apple.com/is/MQDY3ref_VW_34FR?wid=400&hei=400&fmt=jpeg&qlt=90,,,,,
p946,Arc'teryx,Acrux TR GTX,НУЖНО ФОТО,,,,,,
p518,Arc'teryx,Aerios FL 2 Mid GTX,НУЖНО ФОТО,,,,,,
p513,Arc'teryx,Alpha SV Jacket,НУЖНО ФОТО,,,,,,
p57,Arc'teryx,Arc'teryx Beta LT Jacket,НУЖНО ФОТО,,,,,,
p1104,Arc'teryx,Arc'teryx Index 15 Daypack,НУЖНО ФОТО,,,,,,
p1059,Arc'teryx,Arc'teryx Maka 2 Waistpack,НУЖНО ФОТО,,,,,,
p980,Arc'teryx,Arro 22 Backpack,НУЖНО ФОТО,,,,,,
p945,Arc'teryx,Atom AR Hoody,НУЖНО ФОТО,,,,,,
p514,Arc'teryx,Atom LT Hoody,НУЖНО ФОТО,,,,,,
p944,Arc'teryx,Beta AR Jacket,НУЖНО ФОТО,,,,,,
p512,Arc'teryx,Beta LT Jacket,НУЖНО ФОТО,,,,,,
p791,Arc'teryx,Brize 32 Backpack,НУЖНО ФОТО,,,,,,
p981,Arc'teryx,Carrier Duffle 40,НУЖНО ФОТО,,,,,,
p515,Arc'teryx,Cerium Down Hoody,НУЖНО ФОТО,,,,,,
p790,Arc'teryx,Covert Cardigan,НУЖНО ФОТО,,,,,,
p751,Arc'teryx,Gamma LT Pant,НУЖНО ФОТО,,,,,,
p516,Arc'teryx,Gamma MX Hoody,НУЖНО ФОТО,,,,,,
p750,Arc'teryx,Granville 16 Daypack,НУЖНО ФОТО,,,,,,
p792,Arc'teryx,Konseal FL 2 Approach,НУЖНО ФОТО,,,,,,
p517,Arc'teryx,Mantis 26 Backpack,НУЖНО ФОТО,,,,,,
p749,Arc'teryx,Norvan LD 3 GTX,НУЖНО ФОТО,,,,,,
p982,Arc'teryx,Norvan Shell Jacket,НУЖНО ФОТО,,,,,,
p748,Arc'teryx,Proton LT Hoody,НУЖНО ФОТО,,,,,,
p919,Asics,Gel-1090v2,НУЖНО ФОТО,,,,,,
p358,Asics,Gel-1130,НУЖНО ФОТО,,,,,,
p362,Asics,Gel-Cumulus 26,НУЖНО ФОТО,,,,,,
p918,Asics,Gel-Kayano 14,НУЖНО ФОТО,,,,,,
p1008,Asics,Gel-Kayano 30,НУЖНО ФОТО,,,,,,
p355,Asics,Gel-Kayano 31,НУЖНО ФОТО,,,,,,
p356,Asics,Gel-Nimbus 26,НУЖНО ФОТО,,,,,,
p359,Asics,Gel-NYC,НУЖНО ФОТО,,,,,,
p361,Asics,Gel-Quantum 360 VIII,НУЖНО ФОТО,,,,,,
p1089,Asics,Gel-Terrain,НУЖНО ФОТО,,,,,,
p1063,Asics,Gel-Trabuco 12,НУЖНО ФОТО,,,,,,
p357,Asics,GT-2000 13,НУЖНО ФОТО,,,,,,
p921,Asics,GT-2160,НУЖНО ФОТО,,,,,,
p1009,Asics,Japan S,НУЖНО ФОТО,,,,,,
p920,Asics,Metaspeed Sky Paris,НУЖНО ФОТО,,,,,,
p360,Asics,Novablast 4,НУЖНО ФОТО,,,,,,
p1064,Asics,Novablast 5,НУЖНО ФОТО,,,,,,
p197,Bose,Bass Module 700,OK,https://www.sony.com/image/5d02da5df552836db894cead8a68f5f3?fmt=png-alpha&wid=440,,,,,
p1040,Bose,Bose Frames Tempo,OK,https://www.sony.com/image/5d02da5df552836db894cead8a68f5f3?fmt=png-alpha&wid=440,,,,,
p7,Bose,Bose QuietComfort Ultra,OK,https://www.sony.com/image/5d02da5df552836db894cead8a68f5f3?fmt=png-alpha&wid=440,,,,,
p1041,Bose,Bose SoundLink Color II,OK,https://www.sony.com/image/5d02da5df552836db894cead8a68f5f3?fmt=png-alpha&wid=440,,,,,
p41,Bose,Bose SoundLink Max,OK,https://www.sony.com/image/5d02da5df552836db894cead8a68f5f3?fmt=png-alpha&wid=440,,,,,
p624,Bose,Bose Sport Earbuds,OK,https://www.sony.com/image/5d02da5df552836db894cead8a68f5f3?fmt=png-alpha&wid=440,,,,,
p196,Bose,Bose TV Speaker,OK,https://www.sony.com/image/5d02da5df552836db894cead8a68f5f3?fmt=png-alpha&wid=440,,,,,
p622,Bose,Bose Ultra Open Earbuds,OK,https://www.sony.com/image/5d02da5df552836db894cead8a68f5f3?fmt=png-alpha&wid=440,,,,,
p623,Bose,Portable Smart Speaker,OK,https://www.sony.com/image/5d02da5df552836db894cead8a68f5f3?fmt=png-alpha&wid=440,,,,,
p824,Bose,QC Ultra Headphones Sandstone,OK,https://www.sony.com/image/5d02da5df552836db894cead8a68f5f3?fmt=png-alpha&wid=440,,,,,
p823,Bose,QC Ultra Headphones White Smoke,OK,https://www.sony.com/image/5d02da5df552836db894cead8a68f5f3?fmt=png-alpha&wid=440,,,,,
p189,Bose,QuietComfort Earbuds II,OK,https://www.sony.com/image/5d02da5df552836db894cead8a68f5f3?fmt=png-alpha&wid=440,,,,,
p188,Bose,QuietComfort Headphones,OK,https://www.sony.com/image/5d02da5df552836db894cead8a68f5f3?fmt=png-alpha&wid=440,,,,,
p186,Bose,QuietComfort Ultra,OK,https://www.sony.com/image/5d02da5df552836db894cead8a68f5f3?fmt=png-alpha&wid=440,,,,,
p187,Bose,QuietComfort Ultra Earbuds,OK,https://www.sony.com/image/5d02da5df552836db894cead8a68f5f3?fmt=png-alpha&wid=440,,,,,
p195,Bose,Smart Soundbar 600,OK,https://www.sony.com/image/5d02da5df552836db894cead8a68f5f3?fmt=png-alpha&wid=440,,,,,
p194,Bose,Smart Soundbar 900,OK,https://www.sony.com/image/5d02da5df552836db894cead8a68f5f3?fmt=png-alpha&wid=440,,,,,
p191,Bose,SoundLink Flex 2,OK,https://www.sony.com/image/5d02da5df552836db894cead8a68f5f3?fmt=png-alpha&wid=440,,,,,
p825,Bose,SoundLink Flex Blue Dusk,OK,https://www.sony.com/image/5d02da5df552836db894cead8a68f5f3?fmt=png-alpha&wid=440,,,,,
p826,Bose,SoundLink Flex Chilled Lilac,OK,https://www.sony.com/image/5d02da5df552836db894cead8a68f5f3?fmt=png-alpha&wid=440,,,,,
p190,Bose,SoundLink Max,OK,https://www.sony.com/image/5d02da5df552836db894cead8a68f5f3?fmt=png-alpha&wid=440,,,,,
p192,Bose,SoundLink Micro,OK,https://www.sony.com/image/5d02da5df552836db894cead8a68f5f3?fmt=png-alpha&wid=440,,,,,
p193,Bose,SoundLink Revolve+ II,OK,https://www.sony.com/image/5d02da5df552836db894cead8a68f5f3?fmt=png-alpha&wid=440,,,,,
p1061,Carhartt,Carhartt WIP Essentials Bag,НУЖНО ФОТО,,,,,,
p759,Carhartt,WIP Acrylic Watch Hat,НУЖНО ФОТО,,,,,,
p528,Carhartt,WIP Active Jacket,НУЖНО ФОТО,,,,,,
p531,Carhartt,WIP American Script Tee,НУЖНО ФОТО,,,,,,
p529,Carhartt,WIP Chase Hoodie,НУЖНО ФОТО,,,,,,
p987,Carhartt,WIP Delta Shoulder Bag,НУЖНО ФОТО,,,,,,
p527,Carhartt,WIP Detroit Jacket,НУЖНО ФОТО,,,,,,
p950,Carhartt,WIP Hooded Chase Sweatshirt,НУЖНО ФОТО,,,,,,
p532,Carhartt,WIP Kickflip Backpack,НУЖНО ФОТО,,,,,,
p796,Carhartt,WIP Kickflip Backpack OZ,НУЖНО ФОТО,,,,,,
p760,Carhartt,WIP Klondike Pant,НУЖНО ФОТО,,,,,,
p952,Carhartt,WIP Madison Shirt,НУЖНО ФОТО,,,,,,
p756,Carhartt,WIP Michigan Coat,НУЖНО ФОТО,,,,,,
p758,Carhartt,WIP OG Chore Coat,НУЖНО ФОТО,,,,,,
p986,Carhartt,WIP Payton Hip Bag,НУЖНО ФОТО,,,,,,
p797,Carhartt,WIP Philis Backpack,НУЖНО ФОТО,,,,,,
p757,Carhartt,WIP Sid Pant,НУЖНО ФОТО,,,,,,
p530,Carhartt,WIP Simple Pant,НУЖНО ФОТО,,,,,,
p951,Carhartt,WIP Single Knee Pant,НУЖНО ФОТО,,,,,,
p483,Coach,Charter Crossbody,НУЖНО ФОТО,,,,,,
p1073,Coach,Coach Bandit Hobo,НУЖНО ФОТО,,,,,,
p1074,Coach,Coach Lane Satchel,НУЖНО ФОТО,,,,,,
p60,Coach,Coach Tabby Shoulder Bag,НУЖНО ФОТО,,,,,,
p934,Coach,Coachies Charm Keychain,НУЖНО ФОТО,,,,,,
p729,Coach,Ergo Bag,НУЖНО ФОТО,,,,,,
p481,Coach,Field Tote,НУЖНО ФОТО,,,,,,
p479,Coach,Pillow Tabby 26,НУЖНО ФОТО,,,,,,
p482,Coach,Rogue 25,НУЖНО ФОТО,,,,,,
p935,Coach,Signature Canvas Sneaker,НУЖНО ФОТО,,,,,,
p731,Coach,Slim Billfold Wallet,НУЖНО ФОТО,,,,,,
p478,Coach,Tabby Shoulder Bag,НУЖНО ФОТО,,,,,,
p484,Coach,Tech Wallet,НУЖНО ФОТО,,,,,,
p730,Coach,Teri Shoulder Bag,НУЖНО ФОТО,,,,,,
p480,Coach,Willow Tote,НУЖНО ФОТО,,,,,,
p237,Dell,Alienware Aurora R16,НУЖНО ФОТО,,,,,,
p236,Dell,Alienware m18 R2,НУЖНО ФОТО,,,,,,
p629,Dell,Dell G16 Gaming,НУЖНО ФОТО,,,,,,
p630,Dell,Dell Latitude 5550,НУЖНО ФОТО,,,,,,
p837,Dell,Dell Latitude 9450 2-in-1,НУЖНО ФОТО,,,,,,
p836,Dell,Dell Pro 14 P1450,НУЖНО ФОТО,,,,,,
p1096,Dell,Dell Pro Monitor 27 P2725HE,НУЖНО ФОТО,,,,,,
p239,Dell,Dell S3423DWC,НУЖНО ФОТО,,,,,,
p631,Dell,Dell UltraSharp 27 U2723QE,НУЖНО ФОТО,,,,,,
p238,Dell,Dell UltraSharp 32 4K,НУЖНО ФОТО,,,,,,
p35,Dell,Dell XPS 15,НУЖНО ФОТО,,,,,,
p235,Dell,Inspiron 16 Plus,НУЖНО ФОТО,,,,,,
p234,Dell,Latitude 7450,НУЖНО ФОТО,,,,,,
p230,Dell,XPS 13,НУЖНО ФОТО,,,,,,
p231,Dell,XPS 13 Plus,НУЖНО ФОТО,,,,,,
p233,Dell,XPS 14,НУЖНО ФОТО,,,,,,
p229,Dell,XPS 15,НУЖНО ФОТО,,,,,,
p232,Dell,XPS 16,НУЖНО ФОТО,,,,,,
p546,Dyson,360 Vis Nav Robot,OK,https://dyson-h.assetsadobe2.com/is/image/content/dam/dyson/images/products/hero/586183-01.png,,,,,
p539,Dyson,Airstrait,OK,https://dyson-h.assetsadobe2.com/is/image/content/dam/dyson/images/products/primary-locale/de_DE/408215-01.png,,,,,
p537,Dyson,Airwrap Complete,OK,https://dyson-h.assetsadobe2.com/is/image/content/dam/dyson/images/products/primary/598757-01.png,,,,,
p540,Dyson,Corrale,OK,https://dyson-h.assetsadobe2.com/is/image/content/dam/dyson/images/products/hero-locale/de_DE/413111-01.png,,,,,
p954,Dyson,Dyson Airstrait 2,OK,https://dyson-h.assetsadobe2.com/is/image/content/dam/dyson/images/products/primary-locale/de_DE/408215-01.png,,,,,
p11,Dyson,Dyson Airwrap Complete,OK,https://dyson-h.assetsadobe2.com/is/image/content/dam/dyson/images/products/primary/400715-01.png,,,,,
p1046,Dyson,"Dyson AM06 Fan 10""",OK,https://dyson-h.assetsadobe2.com/is/image/content/dam/dyson/images/products/primary/305218-01.png,,,,,
p1098,Dyson,Dyson Big Ball Multi Floor 2,OK,https://dyson-h.assetsadobe2.com/is/image/content/dam/dyson/images/products/primary/448798-01.png,,,,,
p956,Dyson,Dyson Corrale Vinca Blue,OK,https://dyson-h.assetsadobe2.com/is/image/content/dam/dyson/images/products/hero-locale/de_DE/413111-01.png,,,,,
p1045,Dyson,Dyson Lightcycle Morph Desk,OK,https://dyson-h.assetsadobe2.com/is/image/content/dam/dyson/images/products/hero/448798-01.png,,,,,
p955,Dyson,Dyson Pure Cool Link Tower,OK,https://dyson-h.assetsadobe2.com/is/image/content/dam/dyson/images/products/hero/448798-01.png,,,,,
p16,Dyson,Dyson Supersonic,OK,https://dyson-h.assetsadobe2.com/is/image/content/dam/dyson/images/products/primary/107830-01.png,,,,,
p4,Dyson,Dyson V15 Detect,OK,https://dyson-h.assetsadobe2.com/is/image/content/dam/dyson/images/products/hero-locale/de_DE/446986-01.png,,,,,
p953,Dyson,Dyson WashG1 Wet Cleaner,OK,https://dyson-h.assetsadobe2.com/is/image/content/dam/dyson/images/products/primary/448798-01.png,,,,,
p536,Dyson,Gen5detect,OK,https://dyson-h.assetsadobe2.com/is/image/content/dam/dyson/images/products/hero-locale/de_DE/446989-01.png,,,,,
p542,Dyson,Pure Cool TP07,OK,https://dyson-h.assetsadobe2.com/is/image/content/dam/dyson/images/products/hero/448798-01.png,,,,,
p543,Dyson,Pure Hot+Cool,OK,https://dyson-h.assetsadobe2.com/is/image/content/dam/dyson/images/products/hero/448798-01.png,,,,,
p541,Dyson,Purifier Big Quiet,OK,https://dyson-h.assetsadobe2.com/is/image/content/dam/dyson/images/products/hero/448798-01.png,,,,,
p761,Dyson,Purifier Cool Formaldehyde TP09,OK,https://dyson-h.assetsadobe2.com/is/image/content/dam/dyson/images/products/hero/448798-01.png,,,,,
p762,Dyson,Purifier Humidify+Cool PH04,OK,https://dyson-h.assetsadobe2.com/is/image/content/dam/dyson/images/products/hero/448798-01.png,,,,,
p545,Dyson,Submarine Wet Floor,OK,https://dyson-h.assetsadobe2.com/is/image/content/dam/dyson/images/products/primary/448798-01.png,,,,,
p538,Dyson,Supersonic,OK,https://dyson-h.assetsadobe2.com/is/image/content/dam/dyson/images/products/primary/107830-01.png,,,,,
p763,Dyson,Supersonic Nural,OK,https://dyson-h.assetsadobe2.com/is/image/content/dam/dyson/images/products/hero-locale/de_DE/515276-01.png,,,,,
p534,Dyson,V12 Detect Slim,OK,https://dyson-h.assetsadobe2.com/is/image/content/dam/dyson/images/products/hero-locale/de_DE/448884-01.png,,,,,
p533,Dyson,V15 Detect,OK,https://dyson-h.assetsadobe2.com/is/image/content/dam/dyson/images/products/hero-locale/de_DE/476575-01.png,,,,,
p764,Dyson,V15s Detect Submarine,OK,"https://dyson-h.assetsadobe2.com/is/image/content/dam/dyson/images/products/primary/448798-01.png?$responsive$&cropPathE=mobile&fit=stretch,1&wid=576",,,,,
p535,Dyson,V8 Advanced,OK,"https://dyson-h.assetsadobe2.com/is/image/content/dam/dyson/images/products/primary/448798-01.png?$responsive$&cropPathE=mobile&fit=stretch,1&wid=576",,,,,
p544,Dyson,Zone Headphones,OK,https://dyson-h.assetsadobe2.com/is/image/content/dam/dyson/images/products/hero/448798-01.png,,,,,
p767,Ecovacs,Airbot Z1,НУЖНО ФОТО,,,,,,
p550,Ecovacs,Deebot N10 Plus,НУЖНО ФОТО,,,,,,
p765,Ecovacs,Deebot N20 Pro Plus,НУЖНО ФОТО,,,,,,
p549,Ecovacs,Deebot T20 Omni,НУЖНО ФОТО,,,,,,
p548,Ecovacs,Deebot T30 Pro Omni,НУЖНО ФОТО,,,,,,
p957,Ecovacs,Deebot T30S Combo,НУЖНО ФОТО,,,,,,
p547,Ecovacs,Deebot X2 Omni,НУЖНО ФОТО,,,,,,
p766,Ecovacs,Deebot X5 Omni,НУЖНО ФОТО,,,,,,
p1047,Ecovacs,Ecovacs Deebot N8 Pro+,НУЖНО ФОТО,,,,,,
p1099,Ecovacs,Ecovacs Deebot X2 Combo,НУЖНО ФОТО,,,,,,
p62,Ecovacs,Ecovacs Deebot X2 Omni,НУЖНО ФОТО,,,,,,
p552,Ecovacs,Goat G1,НУЖНО ФОТО,,,,,,
p958,Ecovacs,Goat G1 2000,НУЖНО ФОТО,,,,,,
p551,Ecovacs,Winbot W2 Omni,НУЖНО ФОТО,,,,,,
p209,Google,Chromecast 4K,НУЖНО ФОТО,,,,,,
p32,Google,Google Pixel 9 Pro,НУЖНО ФОТО,,,,,,
p211,Google,Nest Cam Outdoor,НУЖНО ФОТО,,,,,,
p210,Google,Nest Doorbell,НУЖНО ФОТО,,,,,,
p1013,Google,Nest Hub 2nd Gen,НУЖНО ФОТО,,,,,,
p207,Google,Nest Hub Max,НУЖНО ФОТО,,,,,,
p829,Google,Nest Learning Thermostat 4,НУЖНО ФОТО,,,,,,
p208,Google,Nest Mini,НУЖНО ФОТО,,,,,,
p830,Google,Nest Protect Smoke Detector,НУЖНО ФОТО,,,,,,
p1012,Google,Pixel 7a,НУЖНО ФОТО,,,,,,
p202,Google,Pixel 8a,НУЖНО ФОТО,,,,,,
p200,Google,Pixel 9,НУЖНО ФОТО,,,,,,
p828,Google,Pixel 9 Peony,НУЖНО ФОТО,,,,,,
p198,Google,Pixel 9 Pro,НУЖНО ФОТО,,,,,,
p201,Google,Pixel 9 Pro Fold,НУЖНО ФОТО,,,,,,
p199,Google,Pixel 9 Pro XL,НУЖНО ФОТО,,,,,,
p827,Google,Pixel 9 Wintergreen,НУЖНО ФОТО,,,,,,
p205,Google,Pixel Buds Pro 2,НУЖНО ФОТО,,,,,,
p206,Google,Pixel Tablet,НУЖНО ФОТО,,,,,,
p203,Google,Pixel Watch 3,НУЖНО ФОТО,,,,,,
p204,Google,Pixel Watch 3 XL,НУЖНО ФОТО,,,,,,
p36,GoPro,GoPro HERO13 Black,НУЖНО ФОТО,,,,,,
p849,GoPro,GoPro Media Mod 13,НУЖНО ФОТО,,,,,,
p848,GoPro,GoPro Volta Grip,НУЖНО ФОТО,,,,,,
p626,GoPro,HERO11 Black,НУЖНО ФОТО,,,,,,
p274,GoPro,HERO11 Black Mini,НУЖНО ФОТО,,,,,,
p273,GoPro,HERO12 Black,НУЖНО ФОТО,,,,,,
p625,GoPro,HERO12 Black Creator Edition,НУЖНО ФОТО,,,,,,
p272,GoPro,HERO13 Black,НУЖНО ФОТО,,,,,,
p275,GoPro,MAX 2,НУЖНО ФОТО,,,,,,
p568,Govee,Aura Smart Table Lamp,НУЖНО ФОТО,,,,,,
p566,Govee,Curtain Light,НУЖНО ФОТО,,,,,,
p569,Govee,Floor Lamp Pro,НУЖНО ФОТО,,,,,,
p565,Govee,Glide Hexa Pro,НУЖНО ФОТО,,,,,,
p1050,Govee,Govee Galaxy Light Projector,НУЖНО ФОТО,,,,,,
p69,Govee,Govee Glide Hexa Pro,НУЖНО ФОТО,,,,,,
p1101,Govee,Govee RGBIC Neon TV Backlight,НУЖНО ФОТО,,,,,,
p1051,Govee,Govee Smart LED Bulb 4-Pack,НУЖНО ФОТО,,,,,,
p965,Govee,Govee Smart Plug 4-Pack,НУЖНО ФОТО,,,,,,
p964,Govee,Govee Table Lamp Pro,НУЖНО ФОТО,,,,,,
p963,Govee,"Govee TV Backlight T2 55-65""",НУЖНО ФОТО,,,,,,
p774,Govee,"Immersion TV Backlight 75-85""",НУЖНО ФОТО,,,,,,
p776,Govee,Lyra Smart Table Lamp,НУЖНО ФОТО,,,,,,
p570,Govee,Neon Rope Light 2,НУЖНО ФОТО,,,,,,
p571,Govee,Outdoor String Lights,НУЖНО ФОТО,,,,,,
p567,Govee,RGBIC LED Strip 16ft,НУЖНО ФОТО,,,,,,
p775,Govee,Smart Thermostat Hygrometer,НУЖНО ФОТО,,,,,,
p553,HexClad,12-Piece Pan Set,НУЖНО ФОТО,,,,,,
p768,HexClad,6-Piece Essential Set,НУЖНО ФОТО,,,,,,
p556,HexClad,Dutch Oven 5Qt,НУЖНО ФОТО,,,,,,
p63,HexClad,HexClad 12-Piece Pan Set,НУЖНО ФОТО,,,,,,
p960,HexClad,"HexClad Grill Pan 12""",НУЖНО ФОТО,,,,,,
p770,HexClad,HexClad Knife Set 6-Piece,НУЖНО ФОТО,,,,,,
p959,HexClad,HexClad Mixing Bowls Set,НУЖНО ФОТО,,,,,,
p1048,HexClad,HexClad Starter Set,НУЖНО ФОТО,,,,,,
p769,HexClad,"Hybrid Pizza Steel 16""",НУЖНО ФОТО,,,,,,
p557,HexClad,Hybrid Saucepan 2Qt,НУЖНО ФОТО,,,,,,
p555,HexClad,"Hybrid Skillet 12""",НУЖНО ФОТО,,,,,,
p554,HexClad,"Hybrid Wok 12""",НУЖНО ФОТО,,,,,,
p637,HP,EliteBook Ultra G1i,НУЖНО ФОТО,,,,,,
p252,HP,Envy 16,НУЖНО ФОТО,,,,,,
p253,HP,Envy x360 15,НУЖНО ФОТО,,,,,,
p1097,HP,HP Color LaserJet Pro MFP,НУЖНО ФОТО,,,,,,
p843,HP,HP EliteDisplay E24m G4,НУЖНО ФОТО,,,,,,
p842,HP,HP Envy Move 24,НУЖНО ФОТО,,,,,,
p258,HP,HP Z27k G3,НУЖНО ФОТО,,,,,,
p257,HP,Omen 16,НУЖНО ФОТО,,,,,,
p256,HP,Omen 17,НУЖНО ФОТО,,,,,,
p636,HP,Omen Transcend 14,НУЖНО ФОТО,,,,,,
p255,HP,OmniBook Ultra 14,НУЖНО ФОТО,,,,,,
p254,HP,Pavilion Plus 14,НУЖНО ФОТО,,,,,,
p251,HP,Spectre x360 14,НУЖНО ФОТО,,,,,,
p250,HP,Spectre x360 16,НУЖНО ФОТО,,,,,,
p638,HP,Victus 15,НУЖНО ФОТО,,,,,,
p841,Lenovo,IdeaCentre Mini,НУЖНО ФОТО,,,,,,
p243,Lenovo,IdeaPad Pro 5i 16,НУЖНО ФОТО,,,,,,
p633,Lenovo,IdeaPad Slim 3 15,НУЖНО ФОТО,,,,,,
p244,Lenovo,IdeaPad Slim 5 14,НУЖНО ФОТО,,,,,,
p248,Lenovo,Legion Go,НУЖНО ФОТО,,,,,,
p247,Lenovo,Legion Pro 7i 16,НУЖНО ФОТО,,,,,,
p840,Lenovo,LOQ 15IRX9,НУЖНО ФОТО,,,,,,
p635,Lenovo,Tab M11,НУЖНО ФОТО,,,,,,
p249,Lenovo,Tab P12 Pro,НУЖНО ФОТО,,,,,,
p839,Lenovo,ThinkBook 14 Gen 7,НУЖНО ФОТО,,,,,,
p242,Lenovo,ThinkPad T14s Gen 5,НУЖНО ФОТО,,,,,,
p240,Lenovo,ThinkPad X1 Carbon Gen 12,НУЖНО ФОТО,,,,,,
p241,Lenovo,ThinkPad X1 Yoga Gen 9,НУЖНО ФОТО,,,,,,
p632,Lenovo,ThinkPad X13 Gen 5,НУЖНО ФОТО,,,,,,
p838,Lenovo,ThinkPad Z16 Gen 2,НУЖНО ФОТО,,,,,,
p245,Lenovo,Yoga 9i 14,НУЖНО ФОТО,,,,,,
p246,Lenovo,Yoga Book 9i,НУЖНО ФОТО,,,,,,
p634,Lenovo,Yoga Slim 7 14,НУЖНО ФОТО,,,,,,
p270,Logitech,Brio 4K Pro,НУЖНО ФОТО,,,,,,
p641,Logitech,C920s Pro HD,НУЖНО ФОТО,,,,,,
p845,Logitech,G Cloud Gaming Handheld,НУЖНО ФОТО,,,,,,
p844,Logitech,G PRO Racing Wheel,НУЖНО ФОТО,,,,,,
p264,Logitech,G Pro X Superlight 2,НУЖНО ФОТО,,,,,,
p265,Logitech,G Pro X TKL,НУЖНО ФОТО,,,,,,
p639,Logitech,G305 Lightspeed,НУЖНО ФОТО,,,,,,
p266,Logitech,G502 X Plus,НУЖНО ФОТО,,,,,,
p267,Logitech,G733 Lightspeed,НУЖНО ФОТО,,,,,,
p268,Logitech,G935 Wireless,НУЖНО ФОТО,,,,,,
p640,Logitech,K380 Multi-Device,НУЖНО ФОТО,,,,,,
p847,Logitech,Logi Dock Flex,НУЖНО ФОТО,,,,,,
p1095,Logitech,Logitech Casa Pop-Up Desk,НУЖНО ФОТО,,,,,,
p1044,Logitech,Logitech Crayon for iPad,НУЖНО ФОТО,,,,,,
p1043,Logitech,Logitech G29 Racing Wheel,НУЖНО ФОТО,,,,,,
p52,Logitech,Logitech MX Keys S,НУЖНО ФОТО,,,,,,
p31,Logitech,Logitech MX Master 3S,НУЖНО ФОТО,,,,,,
p1042,Logitech,Logitech Pebble 2 Combo,НУЖНО ФОТО,,,,,,
p262,Logitech,MX Anywhere 3S,НУЖНО ФОТО,,,,,,
p846,Logitech,MX Creative Console,НУЖНО ФОТО,,,,,,
p261,Logitech,MX Ergo S,НУЖНО ФОТО,,,,,,
p260,Logitech,MX Keys S,НУЖНО ФОТО,,,,,,
p259,Logitech,MX Master 3S,НУЖНО ФОТО,,,,,,
p263,Logitech,MX Mechanical,НУЖНО ФОТО,,,,,,
p271,Logitech,Rally Bar,НУЖНО ФОТО,,,,,,
p269,Logitech,StreamCam,НУЖНО ФОТО,,,,,,
p642,Logitech,Zone Vibe 125,НУЖНО ФОТО,,,,,,
p474,Lululemon,ABC Pant Slim,НУЖНО ФОТО,,,,,,
p469,Lululemon,"Align Leggings 25""",НУЖНО ФОТО,,,,,,
p470,Lululemon,"Align Leggings 28""",НУЖНО ФОТО,,,,,,
p728,Lululemon,City Sweat Jogger,НУЖНО ФОТО,,,,,,
p472,Lululemon,Define Jacket,НУЖНО ФОТО,,,,,,
p476,Lululemon,Energy Bra Long Line,НУЖНО ФОТО,,,,,,
p477,Lululemon,Everywhere Belt Bag,НУЖНО ФОТО,,,,,,
p725,Lululemon,Fast and Free Tight,НУЖНО ФОТО,,,,,,
p932,Lululemon,"Hotty Hot Short 4""",НУЖНО ФОТО,,,,,,
p933,Lululemon,Like a Cloud Bra,НУЖНО ФОТО,,,,,,
p59,Lululemon,Lululemon Align Leggings,НУЖНО ФОТО,,,,,,
p1078,Lululemon,Lululemon Align Tank,НУЖНО ФОТО,,,,,,
p1077,Lululemon,Lululemon Belt Bag XL,НУЖНО ФОТО,,,,,,
p475,Lululemon,Metal Vent Tech 2.0,НУЖНО ФОТО,,,,,,
p726,Lululemon,"Pace Breaker Short 7""",НУЖНО ФОТО,,,,,,
p727,Lululemon,Power Pivot Tank,НУЖНО ФОТО,,,,,,
p473,Lululemon,Scuba Oversized Half Zip,НУЖНО ФОТО,,,,,,
p931,Lululemon,Swiftly Tech 2.0 Long Sleeve,НУЖНО ФОТО,,,,,,
p471,Lululemon,Wunder Train HR Tight,НУЖНО ФОТО,,,,,,
p491,Mejuri,Bold Link Bracelet,НУЖНО ФОТО,,,,,,
p939,Mejuri,Charlotte Ring,НУЖНО ФОТО,,,,,,
p492,Mejuri,Croissant Dome Ring,НУЖНО ФОТО,,,,,,
p493,Mejuri,Diamond Bezel Necklace,НУЖНО ФОТО,,,,,,
p736,Mejuri,Duo Ring Set,НУЖНО ФОТО,,,,,,
p738,Mejuri,"Flat Chain Necklace 16""",НУЖНО ФОТО,,,,,,
p494,Mejuri,Hoop Earrings Medium,НУЖНО ФОТО,,,,,,
p1069,Mejuri,Mejuri Chunky Hoops,НУЖНО ФОТО,,,,,,
p1070,Mejuri,Mejuri Signet Ring,НУЖНО ФОТО,,,,,,
p737,Mejuri,Mini Pearl Hoops,НУЖНО ФОТО,,,,,,
p938,Mejuri,Organic Pearl Necklace,НУЖНО ФОТО,,,,,,
p495,Mejuri,Pearl Drop Earrings,НУЖНО ФОТО,,,,,,
p739,Mejuri,Sapphire Bezel Ring,НУЖНО ФОТО,,,,,,
p496,Mejuri,Tennis Bracelet,НУЖНО ФОТО,,,,,,
p37,Meta,Meta Quest 3,НУЖНО ФОТО,,,,,,
p850,Meta,Meta Quest 3 512GB,НУЖНО ФОТО,,,,,,
p851,Meta,Meta Quest Touch Plus,НУЖНО ФОТО,,,,,,
p276,Meta,Quest 3,НУЖНО ФОТО,,,,,,
p628,Meta,Quest 3 Elite Strap,НУЖНО ФОТО,,,,,,
p277,Meta,Quest 3S,НУЖНО ФОТО,,,,,,
p278,Meta,Quest Pro,НУЖНО ФОТО,,,,,,
p627,Meta,Ray-Ban Meta Headliner,НУЖНО ФОТО,,,,,,
p279,Meta,Ray-Ban Meta Smart Glasses,НУЖНО ФОТО,,,,,,
p487,Michael Kors,Bradshaw Chronograph,НУЖНО ФОТО,,,,,,
p732,Michael Kors,Greenwich Medium Satchel,НУЖНО ФОТО,,,,,,
p936,Michael Kors,Hamilton Legacy Satchel,НУЖНО ФОТО,,,,,,
p489,Michael Kors,Jet Set Charm Wallet,НУЖНО ФОТО,,,,,,
p485,Michael Kors,Jet Set Travel Tote,НУЖНО ФОТО,,,,,,
p488,Michael Kors,Kenly Large Tote,НУЖНО ФОТО,,,,,,
p733,Michael Kors,Lexington Chronograph,НУЖНО ФОТО,,,,,,
p734,Michael Kors,Mercer Gallery Tote,НУЖНО ФОТО,,,,,,
p1071,Michael Kors,MK Karlie Crossbody,НУЖНО ФОТО,,,,,,
p1072,Michael Kors,MK Small Logo Backpack,НУЖНО ФОТО,,,,,,
p937,Michael Kors,Parker Automatic Watch,НУЖНО ФОТО,,,,,,
p486,Michael Kors,Parker Medium Satchel,НУЖНО ФОТО,,,,,,
p490,Michael Kors,Rhea Zip Backpack,НУЖНО ФОТО,,,,,,
p735,Michael Kors,Slim Runway Watch,НУЖНО ФОТО,,,,,,
p890,New Balance,1000 Sea Salt,НУЖНО ФОТО,,,,,,
p334,New Balance,1906R,НУЖНО ФОТО,,,,,,
p1002,New Balance,1906R Black,НУЖНО ФОТО,,,,,,
p329,New Balance,2002R,НУЖНО ФОТО,,,,,,
p883,New Balance,2002R Grey,НУЖНО ФОТО,,,,,,
p884,New Balance,2002R Navy,НУЖНО ФОТО,,,,,,
p885,New Balance,2002R Olive,НУЖНО ФОТО,,,,,,
p675,New Balance,2002R Protection Pack,НУЖНО ФОТО,,,,,,
p886,New Balance,2002R Sea Salt,НУЖНО ФОТО,,,,,,
p674,New Balance,327,НУЖНО ФОТО,,,,,,
p332,New Balance,530,НУЖНО ФОТО,,,,,,
p330,New Balance,550,НУЖНО ФОТО,,,,,,
p889,New Balance,550 Black/Grey,НУЖНО ФОТО,,,,,,
p888,New Balance,550 Cream/Navy,НУЖНО ФОТО,,,,,,
p887,New Balance,550 White/Green,НУЖНО ФОТО,,,,,,
p333,New Balance,574,НУЖНО ФОТО,,,,,,
p1003,New Balance,610v1,НУЖНО ФОТО,,,,,,
p677,New Balance,650R,НУЖНО ФОТО,,,,,,
p336,New Balance,860v14,НУЖНО ФОТО,,,,,,
p335,New Balance,9060,НУЖНО ФОТО,,,,,,
p331,New Balance,990v6,НУЖНО ФОТО,,,,,,
p676,New Balance,992,НУЖНО ФОТО,,,,,,
p1001,New Balance,993 Made in USA,НУЖНО ФОТО,,,,,,
p337,New Balance,Fresh Foam X 1080v14,НУЖНО ФОТО,,,,,,
p338,New Balance,Fresh Foam X More v5,НУЖНО ФОТО,,,,,,
p678,New Balance,FuelCell SuperComp Elite v4,НУЖНО ФОТО,,,,,,
p1086,New Balance,Joe Freshgoods x 993,НУЖНО ФОТО,,,,,,
p1085,New Balance,Made in UK 991v2,НУЖНО ФОТО,,,,,,
p679,New Balance,Minimus Trail,НУЖНО ФОТО,,,,,,
p23,New Balance,New Balance 2002R,НУЖНО ФОТО,,,,,,
p24,New Balance,New Balance 550,НУЖНО ФОТО,,,,,,
p891,New Balance,XC-72 Marblehead,НУЖНО ФОТО,,,,,,
p309,Nike,ACG Mountain Fly Low,OK,"https://static.nike.com/a/images/c_limit,w_592,f_auto/t_product_v1/e6da41fa-1be4-4ce5-b89c-22be4f1f02d4/air-max-90-shoes-kRsBnD.png",,,,,
p300,Nike,Air Force 1 '07,OK,"https://static.nike.com/a/images/c_limit,w_592,f_auto/t_product_v1/e6da41fa-1be4-4ce5-b89c-22be4f1f02d4/air-max-90-shoes-kRsBnD.png",,,,,
p856,Nike,Air Force 1 '07 Black/White,OK,"https://static.nike.com/a/images/c_limit,w_592,f_auto/t_product_v1/e6da41fa-1be4-4ce5-b89c-22be4f1f02d4/air-max-90-shoes-kRsBnD.png",,,,,
p860,Nike,Air Force 1 '07 Panda,OK,"https://static.nike.com/a/images/c_limit,w_592,f_auto/t_product_v1/e6da41fa-1be4-4ce5-b89c-22be4f1f02d4/air-max-90-shoes-kRsBnD.png",,,,,
p858,Nike,Air Force 1 '07 Sail/Gum,OK,"https://static.nike.com/a/images/c_limit,w_592,f_auto/t_product_v1/e6da41fa-1be4-4ce5-b89c-22be4f1f02d4/air-max-90-shoes-kRsBnD.png",,,,,
p857,Nike,Air Force 1 '07 University Blue,OK,"https://static.nike.com/a/images/c_limit,w_592,f_auto/t_product_v1/e6da41fa-1be4-4ce5-b89c-22be4f1f02d4/air-max-90-shoes-kRsBnD.png",,,,,
p859,Nike,Air Force 1 '07 Vintage Green,OK,"https://static.nike.com/a/images/c_limit,w_592,f_auto/t_product_v1/e6da41fa-1be4-4ce5-b89c-22be4f1f02d4/air-max-90-shoes-kRsBnD.png",,,,,
p301,Nike,Air Force 1 Low,OK,"https://static.nike.com/a/images/c_limit,w_592,f_auto/t_product_v1/e6da41fa-1be4-4ce5-b89c-22be4f1f02d4/air-max-90-shoes-kRsBnD.png",,,,,
p995,Nike,Air Huarache Runner,OK,"https://static.nike.com/a/images/c_limit,w_592,f_auto/t_product_v1/e6da41fa-1be4-4ce5-b89c-22be4f1f02d4/air-max-90-shoes-kRsBnD.png",,,,,
p990,Nike,Air Jordan 1 Low OG,OK,"https://static.nike.com/a/images/c_limit,w_592,f_auto/t_product_v1/e6da41fa-1be4-4ce5-b89c-22be4f1f02d4/air-max-90-shoes-kRsBnD.png",,,,,
p991,Nike,Air Jordan 1 Low SE Craft,OK,"https://static.nike.com/a/images/c_limit,w_592,f_auto/t_product_v1/e6da41fa-1be4-4ce5-b89c-22be4f1f02d4/air-max-90-shoes-kRsBnD.png",,,,,
p293,Nike,Air Jordan 1 Retro High,OK,"https://static.nike.com/a/images/c_limit,w_592,f_auto/t_product_v1/e6da41fa-1be4-4ce5-b89c-22be4f1f02d4/air-max-90-shoes-kRsBnD.png",,,,,
p861,Nike,Air Jordan 1 Retro High Bred,OK,"https://static.nike.com/a/images/c_limit,w_592,f_auto/t_product_v1/e6da41fa-1be4-4ce5-b89c-22be4f1f02d4/air-max-90-shoes-kRsBnD.png",,,,,
p864,Nike,Air Jordan 1 Retro High Chicago,OK,"https://static.nike.com/a/images/c_limit,w_592,f_auto/t_product_v1/e6da41fa-1be4-4ce5-b89c-22be4f1f02d4/air-max-90-shoes-kRsBnD.png",,,,,
p865,Nike,Air Jordan 1 Retro High Dark Mocha,OK,"https://static.nike.com/a/images/c_limit,w_592,f_auto/t_product_v1/e6da41fa-1be4-4ce5-b89c-22be4f1f02d4/air-max-90-shoes-kRsBnD.png",,,,,
p862,Nike,Air Jordan 1 Retro High Royal Blue,OK,"https://static.nike.com/a/images/c_limit,w_592,f_auto/t_product_v1/e6da41fa-1be4-4ce5-b89c-22be4f1f02d4/air-max-90-shoes-kRsBnD.png",,,,,
p863,Nike,Air Jordan 1 Retro High Shadow 2.0,OK,"https://static.nike.com/a/images/c_limit,w_592,f_auto/t_product_v1/e6da41fa-1be4-4ce5-b89c-22be4f1f02d4/air-max-90-shoes-kRsBnD.png",,,,,
p295,Nike,Air Jordan 11 Retro,OK,"https://static.nike.com/a/images/c_limit,w_592,f_auto/t_product_v1/e6da41fa-1be4-4ce5-b89c-22be4f1f02d4/air-max-90-shoes-kRsBnD.png",,,,,
p296,Nike,Air Jordan 3 Retro,OK,"https://static.nike.com/a/images/c_limit,w_592,f_auto/t_product_v1/e6da41fa-1be4-4ce5-b89c-22be4f1f02d4/air-max-90-shoes-kRsBnD.png",,,,,
p294,Nike,Air Jordan 4 Retro,OK,"https://static.nike.com/a/images/c_limit,w_592,f_auto/t_product_v1/e6da41fa-1be4-4ce5-b89c-22be4f1f02d4/air-max-90-shoes-kRsBnD.png",,,,,
p1081,Nike,Air Jordan 5 Retro,OK,"https://static.nike.com/a/images/c_limit,w_592,f_auto/t_product_v1/e6da41fa-1be4-4ce5-b89c-22be4f1f02d4/air-max-90-shoes-kRsBnD.png",,,,,
p1082,Nike,Air Jordan 6 Retro,OK,"https://static.nike.com/a/images/c_limit,w_592,f_auto/t_product_v1/e6da41fa-1be4-4ce5-b89c-22be4f1f02d4/air-max-90-shoes-kRsBnD.png",,,,,
p292,Nike,Air Max 1,OK,"https://static.nike.com/a/images/c_limit,w_592,f_auto/t_product_v1/e6da41fa-1be4-4ce5-b89c-22be4f1f02d4/air-max-90-shoes-kRsBnD.png",,,,,
p1016,Nike,Air Max 2090,OK,"https://static.nike.com/a/images/c_limit,w_592,f_auto/t_product_v1/e6da41fa-1be4-4ce5-b89c-22be4f1f02d4/air-max-90-shoes-kRsBnD.png",,,,,
p659,Nike,Air Max 270,OK,"https://static.nike.com/a/images/c_limit,w_592,f_auto/t_product_v1/e6da41fa-1be4-4ce5-b89c-22be4f1f02d4/air-max-90-shoes-kRsBnD.png",,,,,
p289,Nike,Air Max 90,OK,"https://static.nike.com/a/images/c_limit,w_592,f_auto/t_product_v1/e6da41fa-1be4-4ce5-b89c-22be4f1f02d4/air-max-90-shoes-kRsBnD.png",,,,,
p992,Nike,Air Max 95 Essential,OK,"https://static.nike.com/a/images/c_limit,w_592,f_auto/t_product_v1/e6da41fa-1be4-4ce5-b89c-22be4f1f02d4/air-max-90-shoes-kRsBnD.png",,,,,
p290,Nike,Air Max 97,OK,"https://static.nike.com/a/images/c_limit,w_592,f_auto/t_product_v1/e6da41fa-1be4-4ce5-b89c-22be4f1f02d4/air-max-90-shoes-kRsBnD.png",,,,,
p651,Nike,Air Max DN,OK,"https://static.nike.com/a/images/c_limit,w_592,f_auto/t_product_v1/e6da41fa-1be4-4ce5-b89c-22be4f1f02d4/air-max-90-shoes-kRsBnD.png",,,,,
p1079,Nike,Air Max Dn8,OK,"https://static.nike.com/a/images/c_limit,w_592,f_auto/t_product_v1/e6da41fa-1be4-4ce5-b89c-22be4f1f02d4/air-max-90-shoes-kRsBnD.png",,,,,
p291,Nike,Air Max Plus,OK,"https://static.nike.com/a/images/c_limit,w_592,f_auto/t_product_v1/e6da41fa-1be4-4ce5-b89c-22be4f1f02d4/air-max-90-shoes-kRsBnD.png",,,,,
p870,Nike,Air Max Plus Drift,OK,"https://static.nike.com/a/images/c_limit,w_592,f_auto/t_product_v1/e6da41fa-1be4-4ce5-b89c-22be4f1f02d4/air-max-90-shoes-kRsBnD.png",,,,,
p655,Nike,Air Max Scorpion FK,OK,"https://static.nike.com/a/images/c_limit,w_592,f_auto/t_product_v1/e6da41fa-1be4-4ce5-b89c-22be4f1f02d4/air-max-90-shoes-kRsBnD.png",,,,,
p1018,Nike,Air Presto,OK,"https://static.nike.com/a/images/c_limit,w_592,f_auto/t_product_v1/e6da41fa-1be4-4ce5-b89c-22be4f1f02d4/air-max-90-shoes-kRsBnD.png",,,,,
p658,Nike,Air Rift,OK,"https://static.nike.com/a/images/c_limit,w_592,f_auto/t_product_v1/e6da41fa-1be4-4ce5-b89c-22be4f1f02d4/air-max-90-shoes-kRsBnD.png",,,,,
p1017,Nike,Air Zoom Alphafly NEXT% 2,OK,"https://static.nike.com/a/images/c_limit,w_592,f_auto/t_product_v1/e6da41fa-1be4-4ce5-b89c-22be4f1f02d4/air-max-90-shoes-kRsBnD.png",,,,,
p654,Nike,Air Zoom Structure 25,OK,"https://static.nike.com/a/images/c_limit,w_592,f_auto/t_product_v1/e6da41fa-1be4-4ce5-b89c-22be4f1f02d4/air-max-90-shoes-kRsBnD.png",,,,,
p305,Nike,Alphafly 3,OK,"https://static.nike.com/a/images/c_limit,w_592,f_auto/t_product_v1/e6da41fa-1be4-4ce5-b89c-22be4f1f02d4/air-max-90-shoes-kRsBnD.png",,,,,
p1022,Nike,Blazer Low '77 Vintage,OK,"https://static.nike.com/a/images/c_limit,w_592,f_auto/t_product_v1/e6da41fa-1be4-4ce5-b89c-22be4f1f02d4/air-max-90-shoes-kRsBnD.png",,,,,
p656,Nike,Blazer Mid '77 Vintage,OK,"https://static.nike.com/a/images/c_limit,w_592,f_auto/t_product_v1/e6da41fa-1be4-4ce5-b89c-22be4f1f02d4/air-max-90-shoes-kRsBnD.png",,,,,
p660,Nike,Cortez,OK,"https://static.nike.com/a/images/c_limit,w_592,f_auto/t_product_v1/e6da41fa-1be4-4ce5-b89c-22be4f1f02d4/air-max-90-shoes-kRsBnD.png",,,,,
p299,Nike,Dunk High,OK,"https://static.nike.com/a/images/c_limit,w_592,f_auto/t_product_v1/e6da41fa-1be4-4ce5-b89c-22be4f1f02d4/air-max-90-shoes-kRsBnD.png",,,,,
p297,Nike,Dunk Low,OK,"https://static.nike.com/a/images/c_limit,w_592,f_auto/t_product_v1/e6da41fa-1be4-4ce5-b89c-22be4f1f02d4/air-max-90-shoes-kRsBnD.png",,,,,
p298,Nike,Dunk Low Retro,OK,"https://static.nike.com/a/images/c_limit,w_592,f_auto/t_product_v1/e6da41fa-1be4-4ce5-b89c-22be4f1f02d4/air-max-90-shoes-kRsBnD.png",,,,,
p653,Nike,Free Metcon 6,OK,"https://static.nike.com/a/images/c_limit,w_592,f_auto/t_product_v1/e6da41fa-1be4-4ce5-b89c-22be4f1f02d4/air-max-90-shoes-kRsBnD.png",,,,,
p304,Nike,Invincible 3,OK,"https://static.nike.com/a/images/c_limit,w_592,f_auto/t_product_v1/e6da41fa-1be4-4ce5-b89c-22be4f1f02d4/air-max-90-shoes-kRsBnD.png",,,,,
p661,Nike,Nike ACG Lowcate,OK,"https://static.nike.com/a/images/c_limit,w_592,f_auto/t_product_v1/e6da41fa-1be4-4ce5-b89c-22be4f1f02d4/air-max-90-shoes-kRsBnD.png",,,,,
p871,Nike,Nike ACG Mountain Fly 2 Low,OK,"https://static.nike.com/a/images/c_limit,w_592,f_auto/t_product_v1/e6da41fa-1be4-4ce5-b89c-22be4f1f02d4/air-max-90-shoes-kRsBnD.png",,,,,
p13,Nike,Nike Air Jordan 1 Retro,OK,"https://static.nike.com/a/images/c_limit,w_592,f_auto/t_product_v1/e6da41fa-1be4-4ce5-b89c-22be4f1f02d4/air-max-90-shoes-kRsBnD.png",,,,,
p8,Nike,Nike Air Max 90,OK,"https://static.nike.com/a/images/c_limit,w_592,f_auto/t_product_v1/e6da41fa-1be4-4ce5-b89c-22be4f1f02d4/air-max-90-shoes-kRsBnD.png",,,,,
p1105,Nike,Nike Air More Uptempo,OK,"https://static.nike.com/a/images/c_limit,w_592,f_auto/t_product_v1/e6da41fa-1be4-4ce5-b89c-22be4f1f02d4/air-max-90-shoes-kRsBnD.png",,,,,
p42,Nike,Nike Dunk Low Panda,OK,"https://static.nike.com/a/images/c_limit,w_592,f_auto/t_product_v1/e6da41fa-1be4-4ce5-b89c-22be4f1f02d4/air-max-90-shoes-kRsBnD.png",,,,,
p993,Nike,Nike Dunk Low Retro Team Green,OK,"https://static.nike.com/a/images/c_limit,w_592,f_auto/t_product_v1/e6da41fa-1be4-4ce5-b89c-22be4f1f02d4/air-max-90-shoes-kRsBnD.png",,,,,
p994,Nike,Nike Dunk Low Rose Whisper,OK,"https://static.nike.com/a/images/c_limit,w_592,f_auto/t_product_v1/e6da41fa-1be4-4ce5-b89c-22be4f1f02d4/air-max-90-shoes-kRsBnD.png",,,,,
p310,Nike,Nike Pro Dri-FIT Tight,OK,"https://static.nike.com/a/images/c_limit,w_592,f_auto/t_product_v1/e6da41fa-1be4-4ce5-b89c-22be4f1f02d4/air-max-90-shoes-kRsBnD.png",,,,,
p311,Nike,Nike SB Dunk Low Pro,OK,"https://static.nike.com/a/images/c_limit,w_592,f_auto/t_product_v1/e6da41fa-1be4-4ce5-b89c-22be4f1f02d4/air-max-90-shoes-kRsBnD.png",,,,,
p869,Nike,Nike Shox MR4 Metallic Silver,OK,"https://static.nike.com/a/images/c_limit,w_592,f_auto/t_product_v1/e6da41fa-1be4-4ce5-b89c-22be4f1f02d4/air-max-90-shoes-kRsBnD.png",,,,,
p657,Nike,P-6000,OK,"https://static.nike.com/a/images/c_limit,w_592,f_auto/t_product_v1/e6da41fa-1be4-4ce5-b89c-22be4f1f02d4/air-max-90-shoes-kRsBnD.png",,,,,
p303,Nike,Pegasus 41,OK,"https://static.nike.com/a/images/c_limit,w_592,f_auto/t_product_v1/e6da41fa-1be4-4ce5-b89c-22be4f1f02d4/air-max-90-shoes-kRsBnD.png",,,,,
p1019,Nike,React Element 55,OK,"https://static.nike.com/a/images/c_limit,w_592,f_auto/t_product_v1/e6da41fa-1be4-4ce5-b89c-22be4f1f02d4/air-max-90-shoes-kRsBnD.png",,,,,
p306,Nike,Tech Fleece Full-Zip Hoodie,OK,"https://static.nike.com/a/images/c_limit,w_592,f_auto/t_product_v1/e6da41fa-1be4-4ce5-b89c-22be4f1f02d4/air-max-90-shoes-kRsBnD.png",,,,,
p307,Nike,Tech Fleece Joggers,OK,"https://static.nike.com/a/images/c_limit,w_592,f_auto/t_product_v1/e6da41fa-1be4-4ce5-b89c-22be4f1f02d4/air-max-90-shoes-kRsBnD.png",,,,,
p662,Nike,Training Dri-FIT Tee,OK,"https://static.nike.com/a/images/c_limit,w_592,f_auto/t_product_v1/e6da41fa-1be4-4ce5-b89c-22be4f1f02d4/air-max-90-shoes-kRsBnD.png",,,,,
p868,Nike,V2K Run Rattan,OK,"https://static.nike.com/a/images/c_limit,w_592,f_auto/t_product_v1/e6da41fa-1be4-4ce5-b89c-22be4f1f02d4/air-max-90-shoes-kRsBnD.png",,,,,
p302,Nike,Vomero 18,OK,"https://static.nike.com/a/images/c_limit,w_592,f_auto/t_product_v1/e6da41fa-1be4-4ce5-b89c-22be4f1f02d4/air-max-90-shoes-kRsBnD.png",,,,,
p1021,Nike,Waffle One,OK,"https://static.nike.com/a/images/c_limit,w_592,f_auto/t_product_v1/e6da41fa-1be4-4ce5-b89c-22be4f1f02d4/air-max-90-shoes-kRsBnD.png",,,,,
p308,Nike,Windrunner Jacket,OK,"https://static.nike.com/a/images/c_limit,w_592,f_auto/t_product_v1/e6da41fa-1be4-4ce5-b89c-22be4f1f02d4/air-max-90-shoes-kRsBnD.png",,,,,
p652,Nike,Zoom Fly 6,OK,"https://static.nike.com/a/images/c_limit,w_592,f_auto/t_product_v1/e6da41fa-1be4-4ce5-b89c-22be4f1f02d4/air-max-90-shoes-kRsBnD.png",,,,,
p1080,Nike,Zoom Vaporfly 3,OK,"https://static.nike.com/a/images/c_limit,w_592,f_auto/t_product_v1/e6da41fa-1be4-4ce5-b89c-22be4f1f02d4/air-max-90-shoes-kRsBnD.png",,,,,
p867,Nike,Zoom Vomero 5 Oatmeal,OK,"https://static.nike.com/a/images/c_limit,w_592,f_auto/t_product_v1/e6da41fa-1be4-4ce5-b89c-22be4f1f02d4/air-max-90-shoes-kRsBnD.png",,,,,
p866,Nike,Zoom Vomero 5 Photon Dust,OK,"https://static.nike.com/a/images/c_limit,w_592,f_auto/t_product_v1/e6da41fa-1be4-4ce5-b89c-22be4f1f02d4/air-max-90-shoes-kRsBnD.png",,,,,
p1020,Nike,ZoomX Streakfly,OK,"https://static.nike.com/a/images/c_limit,w_592,f_auto/t_product_v1/e6da41fa-1be4-4ce5-b89c-22be4f1f02d4/air-max-90-shoes-kRsBnD.png",,,,,
p505,North Face,1996 Retro Nuptse Vest,НУЖНО ФОТО,,,,,,
p943,North Face,86 Retro Mountain Jacket,НУЖНО ФОТО,,,,,,
p509,North Face,Base Camp Duffel M,НУЖНО ФОТО,,,,,,
p787,North Face,Base Camp Voyager Duffel 62L,НУЖНО ФОТО,,,,,,
p510,North Face,Borealis Backpack,НУЖНО ФОТО,,,,,,
p978,North Face,Camp Voyager Sling,НУЖНО ФОТО,,,,,,
p506,North Face,Denali 2 Jacket,НУЖНО ФОТО,,,,,,
p511,North Face,Hedgehog Futurelight,НУЖНО ФОТО,,,,,,
p747,North Face,Jester Backpack,НУЖНО ФОТО,,,,,,
p508,North Face,McMurdo Parka,НУЖНО ФОТО,,,,,,
p1058,North Face,North Face Flyweight Daypack,НУЖНО ФОТО,,,,,,
p504,North Face,Nuptse 700,НУЖНО ФОТО,,,,,,
p942,North Face,Nuptse Shorts,НУЖНО ФОТО,,,,,,
p746,North Face,Steep Tech Jacket,НУЖНО ФОТО,,,,,,
p977,North Face,Surge Backpack,НУЖНО ФОТО,,,,,,
p788,North Face,Terra 55 Backpack,НУЖНО ФОТО,,,,,,
p56,North Face,The North Face Nuptse 700,НУЖНО ФОТО,,,,,,
p507,North Face,Thermoball Eco Jacket 2.0,НУЖНО ФОТО,,,,,,
p744,North Face,Thermoball Eco Vest,НУЖНО ФОТО,,,,,,
p789,North Face,Trail Lite 24 Daypack,НУЖНО ФОТО,,,,,,
p745,North Face,Vectiv Fastpack Mid FL,НУЖНО ФОТО,,,,,,
p979,North Face,Wawona 6 Tent,НУЖНО ФОТО,,,,,,
p1015,Nothing,CMF Buds Pro 2,НУЖНО ФОТО,,,,,,
p228,Nothing,CMF Phone 1,НУЖНО ФОТО,,,,,,
p1014,Nothing,CMF Watch Pro 2,НУЖНО ФОТО,,,,,,
p226,Nothing,Ear (2),НУЖНО ФОТО,,,,,,
p225,Nothing,Ear (a),НУЖНО ФОТО,,,,,,
p227,Nothing,Ear Open,НУЖНО ФОТО,,,,,,
p835,Nothing,Nothing Ear (3),НУЖНО ФОТО,,,,,,
p33,Nothing,Nothing Phone (2a),НУЖНО ФОТО,,,,,,
p834,Nothing,Nothing Phone (3),НУЖНО ФОТО,,,,,,
p224,Nothing,Phone (1),НУЖНО ФОТО,,,,,,
p223,Nothing,Phone (2),НУЖНО ФОТО,,,,,,
p221,Nothing,Phone (2a),НУЖНО ФОТО,,,,,,
p222,Nothing,Phone (2a) Plus,НУЖНО ФОТО,,,,,,
p928,Oakley,Encoder Squared,НУЖНО ФОТО,,,,,,
p721,Oakley,Flak 2.0 XL,НУЖНО ФОТО,,,,,,
p460,Oakley,Flight Jacket,НУЖНО ФОТО,,,,,,
p459,Oakley,Frogskins,НУЖНО ФОТО,,,,,,
p455,Oakley,Holbrook,НУЖНО ФОТО,,,,,,
p458,Oakley,Jawbreaker,НУЖНО ФОТО,,,,,,
p457,Oakley,Radar EV Path,НУЖНО ФОТО,,,,,,
p720,Oakley,Sphaera,НУЖНО ФОТО,,,,,,
p456,Oakley,Sutro,НУЖНО ФОТО,,,,,,
p927,Oakley,Sutro Lite,НУЖНО ФОТО,,,,,,
p349,On Running,Cloud 5,НУЖНО ФОТО,,,,,,
p915,On Running,Cloudeclipse,НУЖНО ФОТО,,,,,,
p352,On Running,Cloudflow 4,НУЖНО ФОТО,,,,,,
p916,On Running,Cloudgo,НУЖНО ФОТО,,,,,,
p347,On Running,Cloudmonster 2,НУЖНО ФОТО,,,,,,
p354,On Running,Cloudnova Z5,НУЖНО ФОТО,,,,,,
p348,On Running,Cloudrunner 2,НУЖНО ФОТО,,,,,,
p350,On Running,Cloudstratus 3,НУЖНО ФОТО,,,,,,
p351,On Running,Cloudsurfer 7,НУЖНО ФОТО,,,,,,
p1006,On Running,Cloudsurfer Trail,НУЖНО ФОТО,,,,,,
p1088,On Running,Cloudtilt,НУЖНО ФОТО,,,,,,
p353,On Running,Cloudventure Peak 3,НУЖНО ФОТО,,,,,,
p917,On Running,Cloudwander Waterproof,НУЖНО ФОТО,,,,,,
p1062,On Running,On THE ROGER Clubhouse,НУЖНО ФОТО,,,,,,
p1007,On Running,Roger Centre Court,НУЖНО ФОТО,,,,,,
p34,OnePlus,OnePlus 12,НУЖНО ФОТО,,,,,,
p212,OnePlus,OnePlus 12,НУЖНО ФОТО,,,,,,
p213,OnePlus,OnePlus 12R,НУЖНО ФОТО,,,,,,
p831,OnePlus,OnePlus 13,НУЖНО ФОТО,,,,,,
p832,OnePlus,OnePlus 13R,НУЖНО ФОТО,,,,,,
p217,OnePlus,OnePlus Buds 3,НУЖНО ФОТО,,,,,,
p218,OnePlus,OnePlus Buds Pro 2,НУЖНО ФОТО,,,,,,
p215,OnePlus,OnePlus Nord 4,НУЖНО ФОТО,,,,,,
p216,OnePlus,OnePlus Nord CE 4,НУЖНО ФОТО,,,,,,
p214,OnePlus,OnePlus Open,НУЖНО ФОТО,,,,,,
p220,OnePlus,OnePlus Pad 2,НУЖНО ФОТО,,,,,,
p833,OnePlus,OnePlus Pad Pro,НУЖНО ФОТО,,,,,,
p219,OnePlus,OnePlus Watch 2,НУЖНО ФОТО,,,,,,
p647,Oura,Oura Ring 4,НУЖНО ФОТО,,,,,,
p855,Oura,Oura Ring 4 Brushed Titanium,НУЖНО ФОТО,,,,,,
p65,Oura,Oura Ring Generation 3,НУЖНО ФОТО,,,,,,
p284,Oura,Ring Gen 3 Heritage,НУЖНО ФОТО,,,,,,
p285,Oura,Ring Gen 3 Horizon,НУЖНО ФОТО,,,,,,
p924,Pandora,Blue Ocean Heart Dangle,НУЖНО ФОТО,,,,,,
p714,Pandora,Celestial Stars Ring,НУЖНО ФОТО,,,,,,
p444,Pandora,Charm Holder Pendant,НУЖНО ФОТО,,,,,,
p442,Pandora,Classic Elegance Earrings,НУЖНО ФОТО,,,,,,
p446,Pandora,Disney Castle Charm,НУЖНО ФОТО,,,,,,
p445,Pandora,Family Tree Charm,НУЖНО ФОТО,,,,,,
p715,Pandora,Heart Locket Pendant,НУЖНО ФОТО,,,,,,
p441,Pandora,Infinity Knot Ring,НУЖНО ФОТО,,,,,,
p716,Pandora,ME Link Bracelet,НУЖНО ФОТО,,,,,,
p922,Pandora,ME Ring,НУЖНО ФОТО,,,,,,
p438,Pandora,Moments Bracelet,НУЖНО ФОТО,,,,,,
p439,Pandora,Moments Heart Clasp,НУЖНО ФОТО,,,,,,
p61,Pandora,Pandora Moments Bracelet,НУЖНО ФОТО,,,,,,
p923,Pandora,Pavé Heart Clip Charm,НУЖНО ФОТО,,,,,,
p713,Pandora,Rose Gold Moments Bracelet,НУЖНО ФОТО,,,,,,
p443,Pandora,Sparkling Heart Necklace,НУЖНО ФОТО,,,,,,
p440,Pandora,Timeless Halo Ring,НУЖНО ФОТО,,,,,,
p983,Patagonia,Altvia Pack 28L,НУЖНО ФОТО,,,,,,
p526,Patagonia,"Baggies Shorts 5""",НУЖНО ФОТО,,,,,,
p519,Patagonia,Better Sweater,НУЖНО ФОТО,,,,,,
p524,Patagonia,Black Hole Pack 32L,НУЖНО ФОТО,,,,,,
p525,Patagonia,Capilene Cool Daily Shirt,НУЖНО ФОТО,,,,,,
p521,Patagonia,Down Sweater Hoody,НУЖНО ФОТО,,,,,,
p753,Patagonia,Houdini Jacket,НУЖНО ФОТО,,,,,,
p754,Patagonia,Iron Forge Hemp Short,НУЖНО ФОТО,,,,,,
p949,Patagonia,Isthmus Anorak,НУЖНО ФОТО,,,,,,
p795,Patagonia,Micro Puff Hoody,НУЖНО ФОТО,,,,,,
p520,Patagonia,Nano Puff Jacket,НУЖНО ФОТО,,,,,,
p985,Patagonia,Nine Trails Pack 20L,НУЖНО ФОТО,,,,,,
p947,Patagonia,P-6 Logo Responsibili-Tee,НУЖНО ФОТО,,,,,,
p1060,Patagonia,Patagonia Atom Sling 8L,НУЖНО ФОТО,,,,,,
p58,Patagonia,Patagonia Better Sweater,НУЖНО ФОТО,,,,,,
p984,Patagonia,Planing Duffel 55L,НУЖНО ФОТО,,,,,,
p752,Patagonia,R1 Air Full-Zip Hoody,НУЖНО ФОТО,,,,,,
p793,Patagonia,Refugio Daypack 30L,НУЖНО ФОТО,,,,,,
p523,Patagonia,Retro-X Fleece Jacket,НУЖНО ФОТО,,,,,,
p755,Patagonia,Synchilla Fleece Pullover,НУЖНО ФОТО,,,,,,
p522,Patagonia,Torrentshell 3L Jacket,НУЖНО ФОТО,,,,,,
p948,Patagonia,Tres 3-in-1 Parka,НУЖНО ФОТО,,,,,,
p794,Patagonia,Ultralight Black Hole Tote,НУЖНО ФОТО,,,,,,
p1087,Puma,Blaze of Glory,НУЖНО ФОТО,,,,,,
p680,Puma,CA Pro Classic,НУЖНО ФОТО,,,,,,
p683,Puma,Carina 2.0,НУЖНО ФОТО,,,,,,
p345,Puma,Clyde All-Pro,НУЖНО ФОТО,,,,,,
p344,Puma,Deviate Nitro 3,НУЖНО ФОТО,,,,,,
p1005,Puma,Inhale OG,НУЖНО ФОТО,,,,,,
p682,Puma,Mayze Stack Luxe,НУЖНО ФОТО,,,,,,
p343,Puma,MB.04,НУЖНО ФОТО,,,,,,
p341,Puma,Palermo,НУЖНО ФОТО,,,,,,
p1068,Puma,Puma Fast-R 2,НУЖНО ФОТО,,,,,,
p1067,Puma,Puma Nitro Run 3,НУЖНО ФОТО,,,,,,
p55,Puma,Puma Suede Classic XXI,НУЖНО ФОТО,,,,,,
p681,Puma,Rider FV,НУЖНО ФОТО,,,,,,
p340,Puma,RS-X Efekt,НУЖНО ФОТО,,,,,,
p1004,Puma,Slipstream Lo Retro,НУЖНО ФОТО,,,,,,
p342,Puma,Speedcat OG,НУЖНО ФОТО,,,,,,
p339,Puma,Suede Classic XXI,НУЖНО ФОТО,,,,,,
p346,Puma,T7 Track Jacket,НУЖНО ФОТО,,,,,,
p1076,Ralph Lauren,Big Pony Mesh Polo,НУЖНО ФОТО,,,,,,
p462,Ralph Lauren,Cable-Knit Cashmere Sweater,НУЖНО ФОТО,,,,,,
p466,Ralph Lauren,Canvas Sneaker,НУЖНО ФОТО,,,,,,
p464,Ralph Lauren,Chino Pants Stretch,НУЖНО ФОТО,,,,,,
p724,Ralph Lauren,Double RL Jacket,НУЖНО ФОТО,,,,,,
p467,Ralph Lauren,Double-Breasted Blazer,НУЖНО ФОТО,,,,,,
p465,Ralph Lauren,Polo Bear Hoodie,НУЖНО ФОТО,,,,,,
p722,Ralph Lauren,Polo Bear Tee,НУЖНО ФОТО,,,,,,
p461,Ralph Lauren,Polo Classic Fit Mesh,НУЖНО ФОТО,,,,,,
p468,Ralph Lauren,Polo ID Leather Belt,НУЖНО ФОТО,,,,,,
p1075,Ralph Lauren,Polo Sport Tee,НУЖНО ФОТО,,,,,,
p723,Ralph Lauren,Slim Fit Linen Shirt,НУЖНО ФОТО,,,,,,
p463,Ralph Lauren,Slim Fit Oxford Shirt,НУЖНО ФОТО,,,,,,
p929,Ralph Lauren,Striped Mesh Polo,НУЖНО ФОТО,,,,,,
p930,Ralph Lauren,Wool Peacoat,НУЖНО ФОТО,,,,,,
p447,Ray-Ban,Aviator Classic,НУЖНО ФОТО,,,,,,
p925,Ray-Ban,Aviator Reverse,НУЖНО ФОТО,,,,,,
p717,Ray-Ban,Aviator Titanium,НУЖНО ФОТО,,,,,,
p449,Ray-Ban,Clubmaster,НУЖНО ФОТО,,,,,,
p719,Ray-Ban,Corrigan,НУЖНО ФОТО,,,,,,
p453,Ray-Ban,Erika,НУЖНО ФОТО,,,,,,
p452,Ray-Ban,Justin,НУЖНО ФОТО,,,,,,
p926,Ray-Ban,Mega Wayfarer,НУЖНО ФОТО,,,,,,
p454,Ray-Ban,Meta Wayfarer,НУЖНО ФОТО,,,,,,
p451,Ray-Ban,New Wayfarer,НУЖНО ФОТО,,,,,,
p53,Ray-Ban,Ray-Ban Aviator Classic,НУЖНО ФОТО,,,,,,
p38,Ray-Ban,Ray-Ban Meta Wayfarer,НУЖНО ФОТО,,,,,,
p450,Ray-Ban,Round Metal,НУЖНО ФОТО,,,,,,
p718,Ray-Ban,Stories Wayfarer,НУЖНО ФОТО,,,,,,
p448,Ray-Ban,Wayfarer Classic,НУЖНО ФОТО,,,,,,
p784,Rimowa,Classic Cabin,НУЖНО ФОТО,,,,,,
p976,Rimowa,Distinct Cabin,НУЖНО ФОТО,,,,,,
p586,Rimowa,Essential Cabin,НУЖНО ФОТО,,,,,,
p785,Rimowa,Essential Cabin Plus,НУЖНО ФОТО,,,,,,
p587,Rimowa,Essential Check-In L,НУЖНО ФОТО,,,,,,
p973,Rimowa,Essential Check-In M,НУЖНО ФОТО,,,,,,
p588,Rimowa,Essential Lite Cabin,НУЖНО ФОТО,,,,,,
p783,Rimowa,Essential Sleeve Cabin,НУЖНО ФОТО,,,,,,
p975,Rimowa,Essential Trunk Plus,НУЖНО ФОТО,,,,,,
p589,Rimowa,Hybrid Cabin,НУЖНО ФОТО,,,,,,
p974,Rimowa,Hybrid Check-In L,НУЖНО ФОТО,,,,,,
p786,Rimowa,iPhone Case,НУЖНО ФОТО,,,,,,
p590,Rimowa,Never Still Weekender,НУЖНО ФОТО,,,,,,
p584,Rimowa,Original Cabin,НУЖНО ФОТО,,,,,,
p972,Rimowa,Original Cabin S,НУЖНО ФОТО,,,,,,
p585,Rimowa,Original Check-In L,НУЖНО ФОТО,,,,,,
p782,Rimowa,Original Trunk Plus,НУЖНО ФОТО,,,,,,
p591,Rimowa,Personal Cross-Body,НУЖНО ФОТО,,,,,,
p1102,Rimowa,Rimowa Cross-Body Bag,НУЖНО ФОТО,,,,,,
p51,Rimowa,Rimowa Essential Check-In L,НУЖНО ФОТО,,,,,,
p1103,Rimowa,Rimowa Luggage Tag,НУЖНО ФОТО,,,,,,
p19,Rimowa,Rimowa Original Cabin,НУЖНО ФОТО,,,,,,
p1057,Rimowa,Rimowa Passport Holder,НУЖНО ФОТО,,,,,,
p1056,Rimowa,Rimowa Toiletry Bag,НУЖНО ФОТО,,,,,,
p563,Ring,Alarm Pro,НУЖНО ФОТО,,,,,,
p564,Ring,Floodlight Cam Wired Plus,НУЖНО ФОТО,,,,,,
p561,Ring,Indoor Cam 2,НУЖНО ФОТО,,,,,,
p773,Ring,Outdoor Siren,НУЖНО ФОТО,,,,,,
p771,Ring,Pan-Tilt Indoor Cam,НУЖНО ФОТО,,,,,,
p772,Ring,Pathlight Solar,НУЖНО ФОТО,,,,,,
p961,Ring,Ring Alarm 8-Piece Kit,НУЖНО ФОТО,,,,,,
p1049,Ring,Ring Chime Pro,НУЖНО ФОТО,,,,,,
p962,Ring,Ring Solar Panel,НУЖНО ФОТО,,,,,,
p64,Ring,Ring Video Doorbell Pro 2,НУЖНО ФОТО,,,,,,
p1100,Ring,Ring Video Doorbell Wired,НУЖНО ФОТО,,,,,,
p560,Ring,Spotlight Cam Plus,НУЖНО ФОТО,,,,,,
p562,Ring,Stick Up Cam Pro,НУЖНО ФОТО,,,,,,
p559,Ring,Video Doorbell 4,НУЖНО ФОТО,,,,,,
p558,Ring,Video Doorbell Pro 2,НУЖНО ФОТО,,,,,,
p578,Rituals,Advent Calendar 2026,НУЖНО ФОТО,,,,,,
p778,Rituals,Amsterdam Collection Candle,НУЖНО ФОТО,,,,,,
p969,Rituals,Car Perfume Sakura,НУЖНО ФОТО,,,,,,
p576,Rituals,Hammam Body Mud,НУЖНО ФОТО,,,,,,
p968,Rituals,Homme Anti-Ageing Face Cream,НУЖНО ФОТО,,,,,,
p781,Rituals,Imperial Collection Gift Set,НУЖНО ФОТО,,,,,,
p579,Rituals,Jing Calming Body Cream,НУЖНО ФОТО,,,,,,
p575,Rituals,Karma Eau de Parfum,НУЖНО ФОТО,,,,,,
p574,Rituals,Mehr Eau de Parfum,НУЖНО ФОТО,,,,,,
p577,Rituals,Private Collection Candle XL,НУЖНО ФОТО,,,,,,
p1054,Rituals,Rituals Body Mist Karma,НУЖНО ФОТО,,,,,,
p1053,Rituals,Rituals Hand Balm Sakura,НУЖНО ФОТО,,,,,,
p70,Rituals,Rituals Sakura Body Cream,НУЖНО ФОТО,,,,,,
p1052,Rituals,Rituals The Ritual of Mehr Candle,НУЖНО ФОТО,,,,,,
p572,Rituals,Sakura Body Cream,НУЖНО ФОТО,,,,,,
p573,Rituals,Sakura Foaming Shower Gel,НУЖНО ФОТО,,,,,,
p966,Rituals,Sakura Magic Touch Body Cream,НУЖНО ФОТО,,,,,,
p780,Rituals,Sakura Mini Gift Set,НУЖНО ФОТО,,,,,,
p777,Rituals,The Ritual of Ayurveda Body Cream,НУЖНО ФОТО,,,,,,
p967,Rituals,The Ritual of Karma Gift Set,НУЖНО ФОТО,,,,,,
p779,Rituals,The Ritual of Namaste Glow,НУЖНО ФОТО,,,,,,
p141,Samsung,Galaxy A15,OK,https://images.samsung.com/is/image/samsung/assets/de/smartphones/galaxy-s24-ultra/images/galaxy-s24-ultra-highlights-kv.jpg,,,,,
p605,Samsung,Galaxy A25 5G,OK,https://images.samsung.com/is/image/samsung/assets/de/smartphones/galaxy-s24-ultra/images/galaxy-s24-ultra-highlights-kv.jpg,,,,,
p140,Samsung,Galaxy A35 5G,OK,https://images.samsung.com/is/image/samsung/assets/de/smartphones/galaxy-s24-ultra/images/galaxy-s24-ultra-highlights-kv.jpg,,,,,
p139,Samsung,Galaxy A55 5G,OK,https://images.samsung.com/is/image/samsung/assets/de/smartphones/galaxy-s24-ultra/images/galaxy-s24-ultra-highlights-kv.jpg,,,,,
p147,Samsung,Galaxy Book4 Pro,OK,https://images.samsung.com/is/image/samsung/assets/de/smartphones/galaxy-s24-ultra/images/galaxy-s24-ultra-highlights-kv.jpg,,,,,
p146,Samsung,Galaxy Book4 Pro 360,OK,https://images.samsung.com/is/image/samsung/assets/de/smartphones/galaxy-s24-ultra/images/galaxy-s24-ultra-highlights-kv.jpg,,,,,
p145,Samsung,Galaxy Book4 Ultra,OK,https://images.samsung.com/is/image/samsung/assets/de/smartphones/galaxy-s24-ultra/images/galaxy-s24-ultra-highlights-kv.jpg,,,,,
p153,Samsung,Galaxy Buds FE,OK,https://images.samsung.com/is/image/samsung/assets/de/smartphones/galaxy-s24-ultra/images/galaxy-s24-ultra-highlights-kv.jpg,,,,,
p1010,Samsung,Galaxy Buds2 Pro,OK,https://images.samsung.com/is/image/samsung/assets/de/smartphones/galaxy-s24-ultra/images/galaxy-s24-ultra-highlights-kv.jpg,,,,,
p152,Samsung,Galaxy Buds3,OK,https://images.samsung.com/is/image/samsung/assets/de/smartphones/galaxy-s24-ultra/images/galaxy-s24-ultra-highlights-kv.jpg,,,,,
p151,Samsung,Galaxy Buds3 Pro,OK,https://images.samsung.com/is/image/samsung/assets/de/smartphones/galaxy-s24-ultra/images/galaxy-s24-ultra-highlights-kv.jpg,,,,,
p606,Samsung,Galaxy M54 5G,OK,https://images.samsung.com/is/image/samsung/assets/de/smartphones/galaxy-s24-ultra/images/galaxy-s24-ultra-highlights-kv.jpg,,,,,
p154,Samsung,Galaxy Ring,OK,https://images.samsung.com/is/image/samsung/assets/de/smartphones/galaxy-s24-ultra/images/galaxy-s24-ultra-highlights-kv.jpg,,,,,
p1011,Samsung,Galaxy S23 FE,OK,https://images.samsung.com/is/image/samsung/assets/de/smartphones/galaxy-s24-ultra/images/galaxy-s24-ultra-highlights-kv.jpg,,,,,
p135,Samsung,Galaxy S24,OK,https://images.samsung.com/is/image/samsung/assets/de/smartphones/galaxy-s24-ultra/images/galaxy-s24-ultra-highlights-kv.jpg,,,,,
p136,Samsung,Galaxy S24 FE,OK,https://images.samsung.com/is/image/samsung/assets/de/smartphones/galaxy-s24-ultra/images/galaxy-s24-ultra-highlights-kv.jpg,,,,,
p1036,Samsung,Galaxy S24 FE 256GB Mint,OK,https://images.samsung.com/is/image/samsung/assets/de/smartphones/galaxy-s24-ultra/images/galaxy-s24-ultra-highlights-kv.jpg,,,,,
p133,Samsung,Galaxy S24 Ultra,OK,https://images.samsung.com/is/image/samsung/assets/de/smartphones/galaxy-s24-ultra/images/galaxy-s24-ultra-highlights-kv.jpg,,,,,
p809,Samsung,Galaxy S24 Ultra 1TB Titanium Black,OK,https://images.samsung.com/is/image/samsung/assets/de/smartphones/galaxy-s24-ultra/images/galaxy-s24-ultra-highlights-kv.jpg,,,,,
p808,Samsung,Galaxy S24 Ultra 512GB,OK,https://images.samsung.com/is/image/samsung/assets/de/smartphones/galaxy-s24-ultra/images/galaxy-s24-ultra-highlights-kv.jpg,,,,,
p134,Samsung,Galaxy S24+,OK,https://images.samsung.com/is/image/samsung/assets/de/smartphones/galaxy-s24-ultra/images/galaxy-s24-ultra-highlights-kv.jpg,,,,,
p607,Samsung,Galaxy Tab A9+,OK,https://images.samsung.com/is/image/samsung/assets/de/smartphones/galaxy-s24-ultra/images/galaxy-s24-ultra-highlights-kv.jpg,,,,,
p142,Samsung,Galaxy Tab S10 Ultra,OK,https://images.samsung.com/is/image/samsung/assets/de/smartphones/galaxy-s24-ultra/images/galaxy-s24-ultra-highlights-kv.jpg,,,,,
p143,Samsung,Galaxy Tab S10+,OK,https://images.samsung.com/is/image/samsung/assets/de/smartphones/galaxy-s24-ultra/images/galaxy-s24-ultra-highlights-kv.jpg,,,,,
p144,Samsung,Galaxy Tab S9 FE,OK,https://images.samsung.com/is/image/samsung/assets/de/smartphones/galaxy-s24-ultra/images/galaxy-s24-ultra-highlights-kv.jpg,,,,,
p811,Samsung,"Galaxy Tab S9 FE+ 12.4""",НУЖНО ФОТО,,,,,,
p149,Samsung,Galaxy Watch 7,OK,https://images.samsung.com/is/image/samsung/assets/de/smartphones/galaxy-s24-ultra/images/galaxy-s24-ultra-highlights-kv.jpg,,,,,
p1035,Samsung,Galaxy Watch 7 44mm Green,OK,https://images.samsung.com/is/image/samsung/assets/de/smartphones/galaxy-s24-ultra/images/galaxy-s24-ultra-highlights-kv.jpg,,,,,
p150,Samsung,Galaxy Watch FE,OK,https://images.samsung.com/is/image/samsung/assets/de/smartphones/galaxy-s24-ultra/images/galaxy-s24-ultra-highlights-kv.jpg,,,,,
p148,Samsung,Galaxy Watch Ultra,OK,https://images.samsung.com/is/image/samsung/assets/de/smartphones/galaxy-s24-ultra/images/galaxy-s24-ultra-highlights-kv.jpg,,,,,
p138,Samsung,Galaxy Z Flip 6,OK,https://images.samsung.com/is/image/samsung/assets/de/smartphones/galaxy-s24-ultra/images/galaxy-s24-ultra-highlights-kv.jpg,,,,,
p137,Samsung,Galaxy Z Fold 6,OK,https://images.samsung.com/is/image/samsung/assets/de/smartphones/galaxy-s24-ultra/images/galaxy-s24-ultra-highlights-kv.jpg,,,,,
p810,Samsung,Galaxy Z Fold 6 512GB,OK,https://images.samsung.com/is/image/samsung/assets/de/smartphones/galaxy-s24-ultra/images/galaxy-s24-ultra-highlights-kv.jpg,,,,,
p812,Samsung,"Samsung 49"" Odyssey OLED G9",НУЖНО ФОТО,,,,,,
p814,Samsung,Samsung 870 EVO 4TB,OK,https://images.samsung.com/is/image/samsung/assets/de/smartphones/galaxy-s24-ultra/images/galaxy-s24-ultra-highlights-kv.jpg,,,,,
p813,Samsung,Samsung 990 Pro 2TB SSD,OK,https://images.samsung.com/is/image/samsung/assets/de/smartphones/galaxy-s24-ultra/images/galaxy-s24-ultra-highlights-kv.jpg,,,,,
p155,Samsung,"Samsung Frame TV 55""",НУЖНО ФОТО,,,,,,
p156,Samsung,"Samsung Frame TV 65""",НУЖНО ФОТО,,,,,,
p608,Samsung,Samsung Freestyle Projector,OK,https://images.samsung.com/is/image/samsung/assets/de/smartphones/galaxy-s24-ultra/images/galaxy-s24-ultra-highlights-kv.jpg,,,,,
p40,Samsung,Samsung Galaxy Buds3 Pro,OK,https://images.samsung.com/is/image/samsung/assets/de/smartphones/galaxy-s24-ultra/images/galaxy-s24-ultra-highlights-kv.jpg,,,,,
p1090,Samsung,Samsung Galaxy Ring Titanium Gold,OK,https://images.samsung.com/is/image/samsung/assets/de/smartphones/galaxy-s24-ultra/images/galaxy-s24-ultra-highlights-kv.jpg,,,,,
p6,Samsung,Samsung Galaxy S24 Ultra,OK,https://images.samsung.com/is/image/samsung/assets/de/smartphones/galaxy-s24-ultra/images/galaxy-s24-ultra-highlights-kv.jpg,,,,,
p14,Samsung,Samsung Galaxy Watch 6,OK,https://images.samsung.com/is/image/samsung/assets/de/smartphones/galaxy-s24-ultra/images/galaxy-s24-ultra-highlights-kv.jpg,,,,,
p609,Samsung,Samsung Music Frame,OK,https://images.samsung.com/is/image/samsung/assets/de/smartphones/galaxy-s24-ultra/images/galaxy-s24-ultra-highlights-kv.jpg,,,,,
p157,Samsung,"Samsung Neo QLED 75""",НУЖНО ФОТО,,,,,,
p158,Samsung,Samsung Odyssey G9,OK,https://images.samsung.com/is/image/samsung/assets/de/smartphones/galaxy-s24-ultra/images/galaxy-s24-ultra-highlights-kv.jpg,,,,,
p612,Samsung,Samsung Portable SSD T9 2TB,OK,https://images.samsung.com/is/image/samsung/assets/de/smartphones/galaxy-s24-ultra/images/galaxy-s24-ultra-highlights-kv.jpg,,,,,
p611,Samsung,Samsung SmartTag 2,OK,https://images.samsung.com/is/image/samsung/assets/de/smartphones/galaxy-s24-ultra/images/galaxy-s24-ultra-highlights-kv.jpg,,,,,
p610,Samsung,Samsung Soundbar HW-Q990D,OK,https://images.samsung.com/is/image/samsung/assets/de/smartphones/galaxy-s24-ultra/images/galaxy-s24-ultra-highlights-kv.jpg,,,,,
p159,Samsung,Samsung T7 Shield 2TB,OK,https://images.samsung.com/is/image/samsung/assets/de/smartphones/galaxy-s24-ultra/images/galaxy-s24-ultra-highlights-kv.jpg,,,,,
p1091,Samsung,Samsung The Premiere 4K UST,OK,https://images.samsung.com/is/image/samsung/assets/de/smartphones/galaxy-s24-ultra/images/galaxy-s24-ultra-highlights-kv.jpg,,,,,
p172,Sony,DualSense Controller,OK,https://www.sony.com/image/5d02da5df552836db894cead8a68f5f3?fmt=png-alpha&wid=440,,,,,
p171,Sony,DualSense Edge,OK,https://www.sony.com/image/5d02da5df552836db894cead8a68f5f3?fmt=png-alpha&wid=440,,,,,
p819,Sony,DualSense Midnight Black,OK,https://www.sony.com/image/5d02da5df552836db894cead8a68f5f3?fmt=png-alpha&wid=440,,,,,
p820,Sony,DualSense Starlight Blue,OK,https://www.sony.com/image/5d02da5df552836db894cead8a68f5f3?fmt=png-alpha&wid=440,,,,,
p818,Sony,DualSense Volcanic Red,OK,https://www.sony.com/image/5d02da5df552836db894cead8a68f5f3?fmt=png-alpha&wid=440,,,,,
p164,Sony,LinkBuds Open,OK,https://www.sony.com/image/5d02da5df552836db894cead8a68f5f3?fmt=png-alpha&wid=440,,,,,
p163,Sony,LinkBuds S,OK,https://www.sony.com/image/5d02da5df552836db894cead8a68f5f3?fmt=png-alpha&wid=440,,,,,
p173,Sony,PS Portal,OK,https://www.sony.com/image/5d02da5df552836db894cead8a68f5f3?fmt=png-alpha&wid=440,,,,,
p619,Sony,PS VR2,OK,https://www.sony.com/image/5d02da5df552836db894cead8a68f5f3?fmt=png-alpha&wid=440,,,,,
p18,Sony,PS5 Pro,OK,https://www.sony.com/image/5d02da5df552836db894cead8a68f5f3?fmt=png-alpha&wid=440,,,,,
p168,Sony,PS5 Pro,OK,https://www.sony.com/image/5d02da5df552836db894cead8a68f5f3?fmt=png-alpha&wid=440,,,,,
p817,Sony,PS5 Pro FIFA Bundle,OK,https://www.sony.com/image/5d02da5df552836db894cead8a68f5f3?fmt=png-alpha&wid=440,,,,,
p169,Sony,PS5 Slim,OK,https://www.sony.com/image/5d02da5df552836db894cead8a68f5f3?fmt=png-alpha&wid=440,,,,,
p170,Sony,PS5 Slim Digital,OK,https://www.sony.com/image/5d02da5df552836db894cead8a68f5f3?fmt=png-alpha&wid=440,,,,,
p615,Sony,Sony A1,OK,https://www.sony.com/image/5d02da5df552836db894cead8a68f5f3?fmt=png-alpha&wid=440,,,,,
p177,Sony,Sony A6700,OK,https://www.sony.com/image/5d02da5df552836db894cead8a68f5f3?fmt=png-alpha&wid=440,,,,,
p174,Sony,Sony A7 IV,OK,https://www.sony.com/image/5d02da5df552836db894cead8a68f5f3?fmt=png-alpha&wid=440,,,,,
p175,Sony,Sony A7C II,OK,https://www.sony.com/image/5d02da5df552836db894cead8a68f5f3?fmt=png-alpha&wid=440,,,,,
p616,Sony,Sony A7R V,OK,https://www.sony.com/image/5d02da5df552836db894cead8a68f5f3?fmt=png-alpha&wid=440,,,,,
p1094,Sony,Sony A9 III,OK,https://www.sony.com/image/5d02da5df552836db894cead8a68f5f3?fmt=png-alpha&wid=440,,,,,
p181,Sony,"Sony Bravia 55"" XR",НУЖНО ФОТО,,,,,,
p180,Sony,"Sony Bravia 65"" XR",НУЖНО ФОТО,,,,,,
p182,Sony,"Sony Bravia 75"" X90L",НУЖНО ФОТО,,,,,,
p618,Sony,Sony FE 135mm f/1.8 GM,OK,https://www.sony.com/image/5d02da5df552836db894cead8a68f5f3?fmt=png-alpha&wid=440,,,,,
p821,Sony,Sony FE 16-35mm f/2.8 GM II,OK,https://www.sony.com/image/5d02da5df552836db894cead8a68f5f3?fmt=png-alpha&wid=440,,,,,
p178,Sony,Sony FE 24-70mm f/2.8 GM II,OK,https://www.sony.com/image/5d02da5df552836db894cead8a68f5f3?fmt=png-alpha&wid=440,,,,,
p617,Sony,Sony FE 50mm f/1.2 GM,OK,https://www.sony.com/image/5d02da5df552836db894cead8a68f5f3?fmt=png-alpha&wid=440,,,,,
p179,Sony,Sony FE 70-200mm f/2.8 GM II,OK,https://www.sony.com/image/5d02da5df552836db894cead8a68f5f3?fmt=png-alpha&wid=440,,,,,
p822,Sony,Sony FE 85mm f/1.4 GM,OK,https://www.sony.com/image/5d02da5df552836db894cead8a68f5f3?fmt=png-alpha&wid=440,,,,,
p613,Sony,Sony FX3,OK,https://www.sony.com/image/5d02da5df552836db894cead8a68f5f3?fmt=png-alpha&wid=440,,,,,
p614,Sony,Sony FX30,OK,https://www.sony.com/image/5d02da5df552836db894cead8a68f5f3?fmt=png-alpha&wid=440,,,,,
p621,Sony,Sony HT-A9M2,OK,https://www.sony.com/image/5d02da5df552836db894cead8a68f5f3?fmt=png-alpha&wid=440,,,,,
p184,Sony,Sony INZONE H9,OK,https://www.sony.com/image/5d02da5df552836db894cead8a68f5f3?fmt=png-alpha&wid=440,,,,,
p185,Sony,Sony INZONE M9,OK,https://www.sony.com/image/5d02da5df552836db894cead8a68f5f3?fmt=png-alpha&wid=440,,,,,
p620,Sony,Sony SRS-ULT70,OK,https://www.sony.com/image/5d02da5df552836db894cead8a68f5f3?fmt=png-alpha&wid=440,,,,,
p1038,Sony,Sony SRS-XV800,OK,https://www.sony.com/image/5d02da5df552836db894cead8a68f5f3?fmt=png-alpha&wid=440,,,,,
p15,Sony,Sony WF-1000XM5,OK,https://www.sony.com/image/5d02da5df552836db894cead8a68f5f3?fmt=png-alpha&wid=440,,,,,
p1037,Sony,Sony WF-C500,OK,https://www.sony.com/image/5d02da5df552836db894cead8a68f5f3?fmt=png-alpha&wid=440,,,,,
p183,Sony,Sony WF-C700N,OK,https://www.sony.com/image/5d02da5df552836db894cead8a68f5f3?fmt=png-alpha&wid=440,,,,,
p2,Sony,Sony WH-1000XM5,OK,https://www.sony.com/image/5d02da5df552836db894cead8a68f5f3?fmt=png-alpha&wid=440,,,,,
p1039,Sony,Sony ZV-1 II,OK,https://www.sony.com/image/5d02da5df552836db894cead8a68f5f3?fmt=png-alpha&wid=440,,,,,
p176,Sony,Sony ZV-E10 II,OK,https://www.sony.com/image/5d02da5df552836db894cead8a68f5f3?fmt=png-alpha&wid=440,,,,,
p166,Sony,SRS-XB100,OK,https://www.sony.com/image/5d02da5df552836db894cead8a68f5f3?fmt=png-alpha&wid=440,,,,,
p167,Sony,SRS-XG300,OK,https://www.sony.com/image/5d02da5df552836db894cead8a68f5f3?fmt=png-alpha&wid=440,,,,,
p165,Sony,ULT Wear,OK,https://www.sony.com/image/5d02da5df552836db894cead8a68f5f3?fmt=png-alpha&wid=440,,,,,
p161,Sony,WF-1000XM5,OK,https://www.sony.com/image/5d02da5df552836db894cead8a68f5f3?fmt=png-alpha&wid=440,,,,,
p162,Sony,WH-1000XM4,OK,https://www.sony.com/image/5d02da5df552836db894cead8a68f5f3?fmt=png-alpha&wid=440,,,,,
p160,Sony,WH-1000XM5,OK,https://www.sony.com/image/5d02da5df552836db894cead8a68f5f3?fmt=png-alpha&wid=440,,,,,
p815,Sony,WH-1000XM5 Midnight Blue,OK,https://www.sony.com/image/5d02da5df552836db894cead8a68f5f3?fmt=png-alpha&wid=440,,,,,
p816,Sony,WH-1000XM5 Silver,OK,https://www.sony.com/image/5d02da5df552836db894cead8a68f5f3?fmt=png-alpha&wid=440,,,,,
p580,Tesla,Cybertruck 1:18 Diecast,НУЖНО ФОТО,,,,,,
p583,Tesla,Cyberwhistle,НУЖНО ФОТО,,,,,,
p581,Tesla,Powerwall 3,НУЖНО ФОТО,,,,,,
p66,Tesla,Tesla Cybertruck 1:18 Diecast,НУЖНО ФОТО,,,,,,
p648,Tesla,Tesla Mobile Connector,НУЖНО ФОТО,,,,,,
p650,Tesla,Tesla Model S Diecast 1:18,НУЖНО ФОТО,,,,,,
p970,Tesla,Tesla Powerwall 3 Bundle,НУЖНО ФОТО,,,,,,
p1055,Tesla,Tesla Qi Charging Platform,НУЖНО ФОТО,,,,,,
p649,Tesla,Tesla Wall Connector,НУЖНО ФОТО,,,,,,
p971,Tesla,Tesla Wireless Charger Pad,НУЖНО ФОТО,,,,,,
p582,Tesla,Universal Wall Connector,НУЖНО ФОТО,,,,,,
p287,Trezor,Model T,НУЖНО ФОТО,,,,,,
p288,Trezor,Safe 3,НУЖНО ФОТО,,,,,,
p286,Trezor,Safe 5,НУЖНО ФОТО,,,,,,
p854,Trezor,Trezor Coinjoin,НУЖНО ФОТО,,,,,,
p644,Trezor,Trezor Keep Metal,НУЖНО ФОТО,,,,,,
p643,Trezor,Trezor One,НУЖНО ФОТО,,,,,,
p67,Trezor,Trezor Safe 5,НУЖНО ФОТО,,,,,,
p502,Under Armour,Armour Fleece Hoodie,НУЖНО ФОТО,,,,,,
p503,Under Armour,ColdGear Base Layer,НУЖНО ФОТО,,,,,,
p499,Under Armour,Curry 11,НУЖНО ФОТО,,,,,,
p940,Under Armour,Flow Velociti Elite,НУЖНО ФОТО,,,,,,
p740,Under Armour,HOVR Infinite 5,НУЖНО ФОТО,,,,,,
p498,Under Armour,HOVR Machina 4,НУЖНО ФОТО,,,,,,
p497,Under Armour,HOVR Phantom 3,НУЖНО ФОТО,,,,,,
p941,Under Armour,Iso-Chill Run Tee,НУЖНО ФОТО,,,,,,
p500,Under Armour,Project Rock 6,НУЖНО ФОТО,,,,,,
p743,Under Armour,Rival Fleece Jogger,НУЖНО ФОТО,,,,,,
p501,Under Armour,SlipSpeed Mega,НУЖНО ФОТО,,,,,,
p741,Under Armour,SpeedForm Gemini,НУЖНО ФОТО,,,,,,
p742,Under Armour,Tech 2.0 Short Sleeve,НУЖНО ФОТО,,,,,,
p1066,Under Armour,UA Charged Assert 10,НУЖНО ФОТО,,,,,,
p1065,Under Armour,UA Phantom 4,НУЖНО ФОТО,,,,,,
p54,Under Armour,Under Armour HOVR Phantom 3,НУЖНО ФОТО,,,,,,
p281,XREAL,Air 2,НУЖНО ФОТО,,,,,,
p280,XREAL,Air 2 Pro,НУЖНО ФОТО,,,,,,
p282,XREAL,Air 2 Ultra,НУЖНО ФОТО,,,,,,
p283,XREAL,Beam Pro,НУЖНО ФОТО,,,,,,
p852,XREAL,XREAL Adapter,НУЖНО ФОТО,,,,,,
p68,XREAL,XREAL Air 2 Pro,НУЖНО ФОТО,,,,,,
p853,XREAL,XREAL Air 2 Pro + Beam Bundle,НУЖНО ФОТО,,,,,,
p645,XREAL,XREAL Hub,НУЖНО ФОТО,,,,,,
p646,XREAL,XREAL Light,НУЖНО ФОТО,,,,,,